Amount Effective from October to December 2021/Montant en vigueur en octobre à décembre 2021,,,
Combined Yearly Income of couple (excluding OAS Pension and GIS) From ($),Combined Yearly Income of couple (excluding OAS Pension and GIS) To ($),Total Monthly GIS with Maximum OAS Pension ($),Combined Monthly OAS Pension and GIS ($)
Revenu annuel du couple (sauf la pension de la SV et le SRG) De ($),Revenu annuel du couple (sauf la pension de la SV et le SRG) À ($),Total mensuel pour le SRG pour montant maximal de la pension de la SV ($),Total mensuel de la pension de la SV et du SRG ($)
0,"4,095.99",948.82,"1,584.08"
"4,096.00","4,191.99",947.82,"1,583.08"
"4,192.00","4,287.99",946.82,"1,582.08"
"4,288.00","4,383.99",945.82,"1,581.08"
"4,384.00","4,479.99",944.82,"1,580.08"
"4,480.00","4,575.99",943.82,"1,579.08"
"4,576.00","4,671.99",942.82,"1,578.08"
"4,672.00","4,767.99",941.82,"1,577.08"
"4,768.00","4,863.99",940.82,"1,576.08"
"4,864.00","4,959.99",939.82,"1,575.08"
"4,960.00","5,055.99",938.82,"1,574.08"
"5,056.00","5,151.99",937.82,"1,573.08"
"5,152.00","5,247.99",936.82,"1,572.08"
"5,248.00","5,343.99",935.82,"1,571.08"
"5,344.00","5,439.99",934.82,"1,570.08"
"5,440.00","5,535.99",933.82,"1,569.08"
"5,536.00","5,631.99",932.82,"1,568.08"
"5,632.00","5,727.99",931.82,"1,567.08"
"5,728.00","5,823.99",930.82,"1,566.08"
"5,824.00","5,919.99",929.82,"1,565.08"
"5,920.00","6,015.99",928.82,"1,564.08"
"6,016.00","6,111.99",927.82,"1,563.08"
"6,112.00","6,207.99",926.82,"1,562.08"
"6,208.00","6,303.99",925.82,"1,561.08"
"6,304.00","6,399.99",924.82,"1,560.08"
"6,400.00","6,495.99",923.82,"1,559.08"
"6,496.00","6,591.99",922.82,"1,558.08"
"6,592.00","6,687.99",921.82,"1,557.08"
"6,688.00","6,783.99",920.82,"1,556.08"
"6,784.00","6,879.99",919.82,"1,555.08"
"6,880.00","6,975.99",918.82,"1,554.08"
"6,976.00","7,071.99",917.82,"1,553.08"
"7,072.00","7,167.99",916.82,"1,552.08"
"7,168.00","7,263.99",915.82,"1,551.08"
"7,264.00","7,359.99",914.82,"1,550.08"
"7,360.00","7,455.99",913.82,"1,549.08"
"7,456.00","7,551.99",912.82,"1,548.08"
"7,552.00","7,647.99",911.82,"1,547.08"
"7,648.00","7,679.99",910.82,"1,546.08"
"7,680.00","7,727.99",909.82,"1,545.08"
"7,728.00","7,743.99",908.82,"1,544.08"
"7,744.00","7,775.99",907.82,"1,543.08"
"7,776.00","7,823.99",906.82,"1,542.08"
"7,824.00","7,839.99",905.82,"1,541.08"
"7,840.00","7,871.99",904.82,"1,540.08"
"7,872.00","7,919.99",903.82,"1,539.08"
"7,920.00","7,935.99",902.82,"1,538.08"
"7,936.00","7,967.99",901.82,"1,537.08"
"7,968.00","8,015.99",900.82,"1,536.08"
"8,016.00","8,031.99",899.82,"1,535.08"
"8,032.00","8,063.99",898.82,"1,534.08"
"8,064.00","8,111.99",897.82,"1,533.08"
"8,112.00","8,127.99",896.82,"1,532.08"
"8,128.00","8,159.99",895.82,"1,531.08"
"8,160.00","8,207.99",894.82,"1,530.08"
"8,208.00","8,223.99",893.82,"1,529.08"
"8,224.00","8,255.99",892.82,"1,528.08"
"8,256.00","8,303.99",891.82,"1,527.08"
"8,304.00","8,319.99",890.82,"1,526.08"
"8,320.00","8,351.99",889.82,"1,525.08"
"8,352.00","8,399.99",888.82,"1,524.08"
"8,400.00","8,415.99",887.82,"1,523.08"
"8,416.00","8,447.99",886.82,"1,522.08"
"8,448.00","8,495.99",885.82,"1,521.08"
"8,496.00","8,511.99",884.82,"1,520.08"
"8,512.00","8,543.99",883.82,"1,519.08"
"8,544.00","8,591.99",882.82,"1,518.08"
"8,592.00","8,607.99",881.82,"1,517.08"
"8,608.00","8,639.99",880.82,"1,516.08"
"8,640.00","8,687.99",879.82,"1,515.08"
"8,688.00","8,703.99",878.82,"1,514.08"
"8,704.00","8,735.99",877.82,"1,513.08"
"8,736.00","8,783.99",876.82,"1,512.08"
"8,784.00","8,799.99",875.82,"1,511.08"
"8,800.00","8,831.99",874.82,"1,510.08"
"8,832.00","8,879.99",873.82,"1,509.08"
"8,880.00","8,895.99",872.82,"1,508.08"
"8,896.00","8,927.99",871.82,"1,507.08"
"8,928.00","8,975.99",870.82,"1,506.08"
"8,976.00","8,991.99",869.82,"1,505.08"
"8,992.00","9,023.99",868.82,"1,504.08"
"9,024.00","9,071.99",867.82,"1,503.08"
"9,072.00","9,087.99",866.82,"1,502.08"
"9,088.00","9,119.99",865.82,"1,501.08"
"9,120.00","9,167.99",864.82,"1,500.08"
"9,168.00","9,183.99",863.82,"1,499.08"
"9,184.00","9,215.99",862.82,"1,498.08"
"9,216.00","9,263.99",861.82,"1,497.08"
"9,264.00","9,279.99",860.82,"1,496.08"
"9,280.00","9,311.99",859.82,"1,495.08"
"9,312.00","9,359.99",858.82,"1,494.08"
"9,360.00","9,375.99",857.82,"1,493.08"
"9,376.00","9,407.99",856.82,"1,492.08"
"9,408.00","9,455.99",855.82,"1,491.08"
"9,456.00","9,471.99",854.82,"1,490.08"
"9,472.00","9,503.99",853.82,"1,489.08"
"9,504.00","9,551.99",852.82,"1,488.08"
"9,552.00","9,567.99",851.82,"1,487.08"
"9,568.00","9,599.99",850.82,"1,486.08"
"9,600.00","9,647.99",849.82,"1,485.08"
"9,648.00","9,663.99",848.82,"1,484.08"
"9,664.00","9,695.99",847.82,"1,483.08"
"9,696.00","9,743.99",846.82,"1,482.08"
"9,744.00","9,759.99",845.82,"1,481.08"
"9,760.00","9,791.99",844.82,"1,480.08"
"9,792.00","9,839.99",843.82,"1,479.08"
"9,840.00","9,855.99",842.82,"1,478.08"
"9,856.00","9,887.99",841.82,"1,477.08"
"9,888.00","9,935.99",840.82,"1,476.08"
"9,936.00","9,951.99",839.82,"1,475.08"
"9,952.00","9,983.99",838.82,"1,474.08"
"9,984.00","10,031.99",837.82,"1,473.08"
"10,032.00","10,047.99",836.82,"1,472.08"
"10,048.00","10,079.99",835.82,"1,471.08"
"10,080.00","10,127.99",834.82,"1,470.08"
"10,128.00","10,143.99",833.82,"1,469.08"
"10,144.00","10,175.99",832.82,"1,468.08"
"10,176.00","10,223.99",831.82,"1,467.08"
"10,224.00","10,239.99",830.82,"1,466.08"
"10,240.00","10,271.99",829.82,"1,465.08"
"10,272.00","10,319.99",828.82,"1,464.08"
"10,320.00","10,335.99",827.82,"1,463.08"
"10,336.00","10,367.99",826.82,"1,462.08"
"10,368.00","10,415.99",825.82,"1,461.08"
"10,416.00","10,431.99",824.82,"1,460.08"
"10,432.00","10,463.99",823.82,"1,459.08"
"10,464.00","10,511.99",822.82,"1,458.08"
"10,512.00","10,527.99",821.82,"1,457.08"
"10,528.00","10,559.99",820.82,"1,456.08"
"10,560.00","10,607.99",819.82,"1,455.08"
"10,608.00","10,623.99",818.82,"1,454.08"
"10,624.00","10,655.99",817.82,"1,453.08"
"10,656.00","10,703.99",816.82,"1,452.08"
"10,704.00","10,719.99",815.82,"1,451.08"
"10,720.00","10,751.99",814.82,"1,450.08"
"10,752.00","10,799.99",813.82,"1,449.08"
"10,800.00","10,815.99",812.82,"1,448.08"
"10,816.00","10,847.99",811.82,"1,447.08"
"10,848.00","10,895.99",810.82,"1,446.08"
"10,896.00","10,911.99",809.82,"1,445.08"
"10,912.00","10,943.99",808.82,"1,444.08"
"10,944.00","10,991.99",807.82,"1,443.08"
"10,992.00","11,007.99",806.82,"1,442.08"
"11,008.00","11,039.99",805.82,"1,441.08"
"11,040.00","11,087.99",804.82,"1,440.08"
"11,088.00","11,103.99",803.82,"1,439.08"
"11,104.00","11,135.99",802.82,"1,438.08"
"11,136.00","11,183.99",801.82,"1,437.08"
"11,184.00","11,199.99",800.82,"1,436.08"
"11,200.00","11,231.99",799.82,"1,435.08"
"11,232.00","11,279.99",798.82,"1,434.08"
"11,280.00","11,295.99",797.82,"1,433.08"
"11,296.00","11,327.99",796.82,"1,432.08"
"11,328.00","11,375.99",795.82,"1,431.08"
"11,376.00","11,391.99",794.82,"1,430.08"
"11,392.00","11,423.99",793.82,"1,429.08"
"11,424.00","11,471.99",792.82,"1,428.08"
"11,472.00","11,487.99",791.82,"1,427.08"
"11,488.00","11,519.99",790.82,"1,426.08"
"11,520.00","11,567.99",789.82,"1,425.08"
"11,568.00","11,583.99",788.82,"1,424.08"
"11,584.00","11,615.99",787.82,"1,423.08"
"11,616.00","11,663.99",786.82,"1,422.08"
"11,664.00","11,679.99",785.82,"1,421.08"
"11,680.00","11,711.99",784.82,"1,420.08"
"11,712.00","11,759.99",783.82,"1,419.08"
"11,760.00","11,775.99",782.82,"1,418.08"
"11,776.00","11,807.99",781.82,"1,417.08"
"11,808.00","11,855.99",780.82,"1,416.08"
"11,856.00","11,871.99",779.82,"1,415.08"
"11,872.00","11,903.99",778.82,"1,414.08"
"11,904.00","11,951.99",777.82,"1,413.08"
"11,952.00","11,967.99",776.82,"1,412.08"
"11,968.00","11,999.99",775.82,"1,411.08"
"12,000.00","12,047.99",774.82,"1,410.08"
"12,048.00","12,063.99",773.82,"1,409.08"
"12,064.00","12,095.99",772.82,"1,408.08"
"12,096.00","12,143.99",771.82,"1,407.08"
"12,144.00","12,159.99",770.82,"1,406.08"
"12,160.00","12,191.99",769.82,"1,405.08"
"12,192.00","12,239.99",768.82,"1,404.08"
"12,240.00","12,255.99",767.82,"1,403.08"
"12,256.00","12,287.99",766.82,"1,402.08"
"12,288.00","12,335.99",765.82,"1,401.08"
"12,336.00","12,351.99",764.82,"1,400.08"
"12,352.00","12,383.99",763.82,"1,399.08"
"12,384.00","12,431.99",762.82,"1,398.08"
"12,432.00","12,447.99",761.82,"1,397.08"
"12,448.00","12,479.99",760.82,"1,396.08"
"12,480.00","12,527.99",759.82,"1,395.08"
"12,528.00","12,543.99",758.82,"1,394.08"
"12,544.00","12,575.99",757.82,"1,393.08"
"12,576.00","12,623.99",756.82,"1,392.08"
"12,624.00","12,639.99",755.82,"1,391.08"
"12,640.00","12,671.99",754.82,"1,390.08"
"12,672.00","12,719.99",753.82,"1,389.08"
"12,720.00","12,735.99",752.82,"1,388.08"
"12,736.00","12,767.99",751.82,"1,387.08"
"12,768.00","12,815.99",750.82,"1,386.08"
"12,816.00","12,831.99",749.82,"1,385.08"
"12,832.00","12,863.99",748.82,"1,384.08"
"12,864.00","12,911.99",747.82,"1,383.08"
"12,912.00","12,927.99",746.82,"1,382.08"
"12,928.00","12,959.99",745.82,"1,381.08"
"12,960.00","13,007.99",744.82,"1,380.08"
"13,008.00","13,023.99",743.82,"1,379.08"
"13,024.00","13,055.99",742.82,"1,378.08"
"13,056.00","13,103.99",741.82,"1,377.08"
"13,104.00","13,119.99",740.82,"1,376.08"
"13,120.00","13,151.99",739.82,"1,375.08"
"13,152.00","13,199.99",738.82,"1,374.08"
"13,200.00","13,215.99",737.82,"1,373.08"
"13,216.00","13,247.99",736.82,"1,372.08"
"13,248.00","13,295.99",735.82,"1,371.08"
"13,296.00","13,311.99",734.82,"1,370.08"
"13,312.00","13,343.99",733.82,"1,369.08"
"13,344.00","13,391.99",732.82,"1,368.08"
"13,392.00","13,407.99",731.82,"1,367.08"
"13,408.00","13,439.99",730.82,"1,366.08"
"13,440.00","13,487.99",729.82,"1,365.08"
"13,488.00","13,503.99",728.82,"1,364.08"
"13,504.00","13,535.99",727.82,"1,363.08"
"13,536.00","13,583.99",726.82,"1,362.08"
"13,584.00","13,599.99",725.82,"1,361.08"
"13,600.00","13,631.99",724.82,"1,360.08"
"13,632.00","13,679.99",723.82,"1,359.08"
"13,680.00","13,695.99",722.82,"1,358.08"
"13,696.00","13,727.99",721.82,"1,357.08"
"13,728.00","13,775.99",720.82,"1,356.08"
"13,776.00","13,791.99",719.82,"1,355.08"
"13,792.00","13,823.99",718.82,"1,354.08"
"13,824.00","13,871.99",717.82,"1,353.08"
"13,872.00","13,887.99",716.82,"1,352.08"
"13,888.00","13,919.99",715.82,"1,351.08"
"13,920.00","13,967.99",714.82,"1,350.08"
"13,968.00","13,983.99",713.82,"1,349.08"
"13,984.00","14,015.99",712.82,"1,348.08"
"14,016.00","14,063.99",711.82,"1,347.08"
"14,064.00","14,079.99",710.82,"1,346.08"
"14,080.00","14,111.99",709.82,"1,345.08"
"14,112.00","14,159.99",708.82,"1,344.08"
"14,160.00","14,175.99",707.82,"1,343.08"
"14,176.00","14,207.99",706.82,"1,342.08"
"14,208.00","14,255.99",705.82,"1,341.08"
"14,256.00","14,271.99",704.82,"1,340.08"
"14,272.00","14,303.99",703.82,"1,339.08"
"14,304.00","14,351.99",702.82,"1,338.08"
"14,352.00","14,367.99",701.82,"1,337.08"
"14,368.00","14,399.99",700.82,"1,336.08"
"14,400.00","14,447.99",699.82,"1,335.08"
"14,448.00","14,463.99",698.82,"1,334.08"
"14,464.00","14,495.99",697.82,"1,333.08"
"14,496.00","14,543.99",696.82,"1,332.08"
"14,544.00","14,559.99",695.82,"1,331.08"
"14,560.00","14,591.99",694.82,"1,330.08"
"14,592.00","14,639.99",693.82,"1,329.08"
"14,640.00","14,655.99",692.82,"1,328.08"
"14,656.00","14,687.99",691.82,"1,327.08"
"14,688.00","14,735.99",690.82,"1,326.08"
"14,736.00","14,751.99",689.82,"1,325.08"
"14,752.00","14,783.99",688.82,"1,324.08"
"14,784.00","14,831.99",687.82,"1,323.08"
"14,832.00","14,847.99",686.82,"1,322.08"
"14,848.00","14,879.99",685.82,"1,321.08"
"14,880.00","14,927.99",684.82,"1,320.08"
"14,928.00","14,943.99",683.82,"1,319.08"
"14,944.00","14,975.99",682.82,"1,318.08"
"14,976.00","15,023.99",681.82,"1,317.08"
"15,024.00","15,039.99",680.82,"1,316.08"
"15,040.00","15,071.99",679.82,"1,315.08"
"15,072.00","15,119.99",678.82,"1,314.08"
"15,120.00","15,135.99",677.82,"1,313.08"
"15,136.00","15,167.99",676.82,"1,312.08"
"15,168.00","15,215.99",675.82,"1,311.08"
"15,216.00","15,231.99",674.82,"1,310.08"
"15,232.00","15,263.99",673.82,"1,309.08"
"15,264.00","15,311.99",672.82,"1,308.08"
"15,312.00","15,327.99",671.82,"1,307.08"
"15,328.00","15,359.99",670.82,"1,306.08"
"15,360.00","15,407.99",669.82,"1,305.08"
"15,408.00","15,423.99",668.82,"1,304.08"
"15,424.00","15,455.99",667.82,"1,303.08"
"15,456.00","15,503.99",666.82,"1,302.08"
"15,504.00","15,519.99",665.82,"1,301.08"
"15,520.00","15,551.99",664.82,"1,300.08"
"15,552.00","15,599.99",663.82,"1,299.08"
"15,600.00","15,615.99",662.82,"1,298.08"
"15,616.00","15,647.99",661.82,"1,297.08"
"15,648.00","15,695.99",660.82,"1,296.08"
"15,696.00","15,711.99",659.82,"1,295.08"
"15,712.00","15,743.99",658.82,"1,294.08"
"15,744.00","15,791.99",657.82,"1,293.08"
"15,792.00","15,807.99",656.82,"1,292.08"
"15,808.00","15,839.99",655.82,"1,291.08"
"15,840.00","15,887.99",654.82,"1,290.08"
"15,888.00","15,903.99",653.82,"1,289.08"
"15,904.00","15,935.99",652.82,"1,288.08"
"15,936.00","15,983.99",651.82,"1,287.08"
"15,984.00","15,999.99",650.82,"1,286.08"
"16,000.00","16,031.99",649.82,"1,285.08"
"16,032.00","16,079.99",648.82,"1,284.08"
"16,080.00","16,095.99",647.82,"1,283.08"
"16,096.00","16,127.99",646.82,"1,282.08"
"16,128.00","16,175.99",645.82,"1,281.08"
"16,176.00","16,191.99",644.82,"1,280.08"
"16,192.00","16,223.99",643.82,"1,279.08"
"16,224.00","16,271.99",642.82,"1,278.08"
"16,272.00","16,287.99",641.82,"1,277.08"
"16,288.00","16,319.99",640.82,"1,276.08"
"16,320.00","16,367.99",639.82,"1,275.08"
"16,368.00","16,383.99",638.82,"1,274.08"
"16,384.00","16,415.99",637.82,"1,273.08"
"16,416.00","16,463.99",636.82,"1,272.08"
"16,464.00","16,479.99",635.82,"1,271.08"
"16,480.00","16,511.99",634.82,"1,270.08"
"16,512.00","16,559.99",633.82,"1,269.08"
"16,560.00","16,575.99",632.82,"1,268.08"
"16,576.00","16,607.99",631.82,"1,267.08"
"16,608.00","16,655.99",630.82,"1,266.08"
"16,656.00","16,671.99",629.82,"1,265.08"
"16,672.00","16,703.99",628.82,"1,264.08"
"16,704.00","16,751.99",627.82,"1,263.08"
"16,752.00","16,767.99",626.82,"1,262.08"
"16,768.00","16,799.99",625.82,"1,261.08"
"16,800.00","16,847.99",624.82,"1,260.08"
"16,848.00","16,863.99",623.82,"1,259.08"
"16,864.00","16,895.99",622.82,"1,258.08"
"16,896.00","16,943.99",621.82,"1,257.08"
"16,944.00","16,959.99",620.82,"1,256.08"
"16,960.00","16,991.99",619.82,"1,255.08"
"16,992.00","17,039.99",618.82,"1,254.08"
"17,040.00","17,055.99",617.82,"1,253.08"
"17,056.00","17,087.99",616.82,"1,252.08"
"17,088.00","17,135.99",615.82,"1,251.08"
"17,136.00","17,151.99",614.82,"1,250.08"
"17,152.00","17,183.99",613.82,"1,249.08"
"17,184.00","17,231.99",612.82,"1,248.08"
"17,232.00","17,247.99",611.82,"1,247.08"
"17,248.00","17,279.99",610.82,"1,246.08"
"17,280.00","17,327.99",609.82,"1,245.08"
"17,328.00","17,343.99",608.82,"1,244.08"
"17,344.00","17,375.99",607.82,"1,243.08"
"17,376.00","17,423.99",606.82,"1,242.08"
"17,424.00","17,439.99",605.82,"1,241.08"
"17,440.00","17,471.99",604.82,"1,240.08"
"17,472.00","17,519.99",603.82,"1,239.08"
"17,520.00","17,535.99",602.82,"1,238.08"
"17,536.00","17,567.99",601.82,"1,237.08"
"17,568.00","17,615.99",600.82,"1,236.08"
"17,616.00","17,631.99",599.82,"1,235.08"
"17,632.00","17,663.99",598.82,"1,234.08"
"17,664.00","17,711.99",597.82,"1,233.08"
"17,712.00","17,727.99",596.82,"1,232.08"
"17,728.00","17,759.99",595.82,"1,231.08"
"17,760.00","17,807.99",594.82,"1,230.08"
"17,808.00","17,823.99",593.82,"1,229.08"
"17,824.00","17,855.99",592.82,"1,228.08"
"17,856.00","17,903.99",591.82,"1,227.08"
"17,904.00","17,919.99",590.82,"1,226.08"
"17,920.00","17,951.99",589.82,"1,225.08"
"17,952.00","17,999.99",588.82,"1,224.08"
"18,000.00","18,015.99",587.82,"1,223.08"
"18,016.00","18,047.99",586.82,"1,222.08"
"18,048.00","18,095.99",585.82,"1,221.08"
"18,096.00","18,111.99",584.82,"1,220.08"
"18,112.00","18,143.99",583.86,"1,219.12"
"18,144.00","18,191.99",582.86,"1,218.12"
"18,192.00","18,239.99",581.86,"1,217.12"
"18,240.00","18,287.99",580.86,"1,216.12"
"18,288.00","18,335.99",579.86,"1,215.12"
"18,336.00","18,383.99",578.86,"1,214.12"
"18,384.00","18,431.99",577.86,"1,213.12"
"18,432.00","18,479.99",576.86,"1,212.12"
"18,480.00","18,527.99",575.86,"1,211.12"
"18,528.00","18,575.99",574.86,"1,210.12"
"18,576.00","18,623.99",573.86,"1,209.12"
"18,624.00","18,671.99",572.86,"1,208.12"
"18,672.00","18,719.99",571.86,"1,207.12"
"18,720.00","18,767.99",570.86,"1,206.12"
"18,768.00","18,815.99",569.86,"1,205.12"
"18,816.00","18,863.99",568.86,"1,204.12"
"18,864.00","18,911.99",567.86,"1,203.12"
"18,912.00","18,959.99",566.86,"1,202.12"
"18,960.00","19,007.99",565.86,"1,201.12"
"19,008.00","19,055.99",564.86,"1,200.12"
"19,056.00","19,103.99",563.86,"1,199.12"
"19,104.00","19,151.99",562.86,"1,198.12"
"19,152.00","19,199.99",561.86,"1,197.12"
"19,200.00","19,247.99",560.86,"1,196.12"
"19,248.00","19,295.99",559.86,"1,195.12"
"19,296.00","19,343.99",558.86,"1,194.12"
"19,344.00","19,391.99",557.86,"1,193.12"
"19,392.00","19,439.99",556.86,"1,192.12"
"19,440.00","19,487.99",555.86,"1,191.12"
"19,488.00","19,535.99",554.86,"1,190.12"
"19,536.00","19,583.99",553.86,"1,189.12"
"19,584.00","19,631.99",552.86,"1,188.12"
"19,632.00","19,679.99",551.86,"1,187.12"
"19,680.00","19,727.99",550.86,"1,186.12"
"19,728.00","19,775.99",549.86,"1,185.12"
"19,776.00","19,823.99",548.86,"1,184.12"
"19,824.00","19,871.99",547.86,"1,183.12"
"19,872.00","19,919.99",546.86,"1,182.12"
"19,920.00","19,967.99",545.86,"1,181.12"
"19,968.00","20,015.99",544.86,"1,180.12"
"20,016.00","20,063.99",543.86,"1,179.12"
"20,064.00","20,111.99",542.86,"1,178.12"
"20,112.00","20,159.99",541.86,"1,177.12"
"20,160.00","20,207.99",540.86,"1,176.12"
"20,208.00","20,255.99",539.86,"1,175.12"
"20,256.00","20,303.99",538.86,"1,174.12"
"20,304.00","20,351.99",537.86,"1,173.12"
"20,352.00","20,399.99",536.86,"1,172.12"
"20,400.00","20,447.99",535.86,"1,171.12"
"20,448.00","20,495.99",534.86,"1,170.12"
"20,496.00","20,543.99",533.86,"1,169.12"
"20,544.00","20,591.99",532.86,"1,168.12"
"20,592.00","20,639.99",531.86,"1,167.12"
"20,640.00","20,687.99",530.86,"1,166.12"
"20,688.00","20,735.99",529.86,"1,165.12"
"20,736.00","20,783.99",528.86,"1,164.12"
"20,784.00","20,831.99",527.86,"1,163.12"
"20,832.00","20,879.99",526.86,"1,162.12"
"20,880.00","20,927.99",525.86,"1,161.12"
"20,928.00","20,975.99",524.86,"1,160.12"
"20,976.00","21,023.99",523.86,"1,159.12"
"21,024.00","21,071.99",522.86,"1,158.12"
"21,072.00","21,119.99",521.86,"1,157.12"
"21,120.00","21,167.99",520.86,"1,156.12"
"21,168.00","21,215.99",519.86,"1,155.12"
"21,216.00","21,263.99",518.86,"1,154.12"
"21,264.00","21,311.99",517.86,"1,153.12"
"21,312.00","21,359.99",516.86,"1,152.12"
"21,360.00","21,407.99",515.86,"1,151.12"
"21,408.00","21,455.99",514.86,"1,150.12"
"21,456.00","21,503.99",513.86,"1,149.12"
"21,504.00","21,551.99",512.86,"1,148.12"
"21,552.00","21,599.99",511.86,"1,147.12"
"21,600.00","21,647.99",510.86,"1,146.12"
"21,648.00","21,695.99",509.86,"1,145.12"
"21,696.00","21,743.99",508.86,"1,144.12"
"21,744.00","21,791.99",507.86,"1,143.12"
"21,792.00","21,839.99",506.86,"1,142.12"
"21,840.00","21,887.99",505.86,"1,141.12"
"21,888.00","21,935.99",504.86,"1,140.12"
"21,936.00","21,983.99",503.86,"1,139.12"
"21,984.00","22,031.99",502.86,"1,138.12"
"22,032.00","22,079.99",501.86,"1,137.12"
"22,080.00","22,127.99",500.86,"1,136.12"
"22,128.00","22,175.99",499.86,"1,135.12"
"22,176.00","22,223.99",498.86,"1,134.12"
"22,224.00","22,271.99",497.86,"1,133.12"
"22,272.00","22,319.99",496.86,"1,132.12"
"22,320.00","22,367.99",495.86,"1,131.12"
"22,368.00","22,415.99",494.86,"1,130.12"
"22,416.00","22,463.99",493.86,"1,129.12"
"22,464.00","22,511.99",492.86,"1,128.12"
"22,512.00","22,559.99",491.86,"1,127.12"
"22,560.00","22,607.99",490.86,"1,126.12"
"22,608.00","22,655.99",489.86,"1,125.12"
"22,656.00","22,703.99",488.86,"1,124.12"
"22,704.00","22,751.99",487.86,"1,123.12"
"22,752.00","22,799.99",486.86,"1,122.12"
"22,800.00","22,847.99",485.86,"1,121.12"
"22,848.00","22,895.99",484.86,"1,120.12"
"22,896.00","22,943.99",483.86,"1,119.12"
"22,944.00","22,991.99",482.86,"1,118.12"
"22,992.00","23,039.99",481.86,"1,117.12"
"23,040.00","23,087.99",480.86,"1,116.12"
"23,088.00","23,135.99",479.86,"1,115.12"
"23,136.00","23,183.99",478.86,"1,114.12"
"23,184.00","23,231.99",477.86,"1,113.12"
"23,232.00","23,279.99",476.86,"1,112.12"
"23,280.00","23,327.99",475.86,"1,111.12"
"23,328.00","23,375.99",474.86,"1,110.12"
"23,376.00","23,423.99",473.86,"1,109.12"
"23,424.00","23,471.99",472.86,"1,108.12"
"23,472.00","23,519.99",471.86,"1,107.12"
"23,520.00","23,567.99",470.86,"1,106.12"
"23,568.00","23,615.99",469.86,"1,105.12"
"23,616.00","23,663.99",468.86,"1,104.12"
"23,664.00","23,711.99",467.86,"1,103.12"
"23,712.00","23,759.99",466.86,"1,102.12"
"23,760.00","23,807.99",465.86,"1,101.12"
"23,808.00","23,855.99",464.86,"1,100.12"
"23,856.00","23,903.99",463.86,"1,099.12"
"23,904.00","23,951.99",462.86,"1,098.12"
"23,952.00","23,999.99",461.86,"1,097.12"
"24,000.00","24,047.99",460.86,"1,096.12"
"24,048.00","24,095.99",459.86,"1,095.12"
"24,096.00","24,143.99",458.86,"1,094.12"
"24,144.00","24,191.99",457.86,"1,093.12"
"24,192.00","24,239.99",456.86,"1,092.12"
"24,240.00","24,287.99",455.86,"1,091.12"
"24,288.00","24,335.99",454.86,"1,090.12"
"24,336.00","24,383.99",453.86,"1,089.12"
"24,384.00","24,431.99",452.86,"1,088.12"
"24,432.00","24,479.99",451.86,"1,087.12"
"24,480.00","24,527.99",450.86,"1,086.12"
"24,528.00","24,575.99",449.86,1085.12
"24,576.00","24,623.99",448.86,1084.12
"24,624.00","24,671.99",447.86,1083.12
"24,672.00","24,719.99",446.86,1082.12
"24,720.00","24,767.99",445.86,1081.12
"24,768.00","24,815.99",444.86,1080.12
"24,816.00","24,863.99",443.86,1079.12
"24,864.00","24,911.99",442.86,1078.12
"24,912.00","24,959.99",441.86,1077.12
"24,960.00","25,007.99",440.86,1076.12
"25,008.00","25,055.99",439.86,1075.12
"25,056.00","25,103.99",438.86,1074.12
"25,104.00","25,151.99",437.86,1073.12
"25,152.00","25,199.99",436.86,1072.12
"25,200.00","25,247.99",435.86,1071.12
"25,248.00","25,295.99",434.86,1070.12
"25,296.00","25,343.99",433.86,1069.12
"25,344.00","25,391.99",432.86,1068.12
"25,392.00","25,439.99",431.86,1067.12
"25,440.00","25,487.99",430.86,1066.12
"25,488.00","25,535.99",429.86,1065.12
"25,536.00","25,583.99",428.86,1064.12
"25,584.00","25,631.99",427.86,1063.12
"25,632.00","25,679.99",426.86,1062.12
"25,680.00","25,727.99",425.86,1061.12
"25,728.00","25,775.99",424.86,1060.12
"25,776.00","25,823.99",423.86,1059.12
"25,824.00","25,871.99",422.86,1058.12
"25,872.00","25,919.99",421.86,1057.12
"25,920.00","25,967.99",420.86,1056.12
"25,968.00","26,015.99",419.86,1055.12
"26,016.00","26,063.99",418.86,1054.12
"26,064.00","26,111.99",417.86,1053.12
"26,112.00","26,159.99",416.86,1052.12
"26,160.00","26,207.99",415.86,1051.12
"26,208.00","26,255.99",414.86,1050.12
"26,256.00","26,303.99",413.86,1049.12
"26,304.00","26,351.99",412.86,1048.12
"26,352.00","26,399.99",411.86,1047.12
"26,400.00","26,447.99",410.86,1046.12
"26,448.00","26,495.99",409.86,1045.12
"26,496.00","26,543.99",408.86,1044.12
"26,544.00","26,591.99",407.86,1043.12
"26,592.00","26,639.99",406.86,1042.12
"26,640.00","26,687.99",405.86,1041.12
"26,688.00","26,735.99",404.86,1040.12
"26,736.00","26,783.99",403.86,1039.12
"26,784.00","26,831.99",402.86,1038.12
"26,832.00","26,879.99",401.86,1037.12
"26,880.00","26,927.99",400.86,1036.12
"26,928.00","26,975.99",399.86,1035.12
"26,976.00","27,023.99",398.86,1034.12
"27,024.00","27,071.99",397.86,1033.12
"27,072.00","27,119.99",396.86,1032.12
"27,120.00","27,167.99",395.86,1031.12
"27,168.00","27,215.99",394.86,1030.12
"27,216.00","27,263.99",393.86,1029.12
"27,264.00","27,311.99",392.86,1028.12
"27,312.00","27,359.99",391.86,1027.12
"27,360.00","27,407.99",390.86,1026.12
"27,408.00","27,455.99",389.86,1025.12
"27,456.00","27,503.99",388.86,1024.12
"27,504.00","27,551.99",387.86,1023.12
"27,552.00","27,599.99",386.86,1022.12
"27,600.00","27,647.99",385.86,1021.12
"27,648.00","27,695.99",384.86,1020.12
"27,696.00","27,743.99",383.86,1019.12
"27,744.00","27,791.99",382.86,1018.12
"27,792.00","27,839.99",381.86,1017.12
"27,840.00","27,887.99",380.86,1016.12
"27,888.00","27,935.99",379.86,1015.12
"27,936.00","27,983.99",378.86,1014.12
"27,984.00","28,031.99",377.86,1013.12
"28,032.00","28,079.99",376.86,1012.12
"28,080.00","28,127.99",375.86,1011.12
"28,128.00","28,175.99",374.86,1010.12
"28,176.00","28,223.99",373.86,1009.12
"28,224.00","28,271.99",372.86,1008.12
"28,272.00","28,319.99",371.86,1007.12
"28,320.00","28,367.99",370.86,1006.12
"28,368.00","28,415.99",369.86,1005.12
"28,416.00","28,463.99",368.86,1004.12
"28,464.00","28,511.99",367.86,1003.12
"28,512.00","28,559.99",366.86,1002.12
"28,560.00","28,607.99",365.86,1001.12
"28,608.00","28,655.99",364.86,1000.12
"28,656.00","28,703.99",363.86,999.12
"28,704.00","28,751.99",362.86,998.12
"28,752.00","28,799.99",361.86,997.12
"28,800.00","28,847.99",360.86,996.12
"28,848.00","28,895.99",359.86,995.12
"28,896.00","28,943.99",358.86,994.12
"28,944.00","28,991.99",357.86,993.12
"28,992.00","29,039.99",356.86,992.12
"29,040.00","29,087.99",355.86,991.12
"29,088.00","29,135.99",354.86,990.12
"29,136.00","29,183.99",353.86,989.12
"29,184.00","29,231.99",352.86,988.12
"29,232.00","29,279.99",351.86,987.12
"29,280.00","29,327.99",350.86,986.12
"29,328.00","29,375.99",349.86,985.12
"29,376.00","29,423.99",348.86,984.12
"29,424.00","29,471.99",347.86,983.12
"29,472.00","29,519.99",346.86,982.12
"29,520.00","29,567.99",345.86,981.12
"29,568.00","29,615.99",344.86,980.12
"29,616.00","29,663.99",343.86,979.12
"29,664.00","29,711.99",342.86,978.12
"29,712.00","29,759.99",341.86,977.12
"29,760.00","29,807.99",340.86,976.12
"29,808.00","29,855.99",339.86,975.12
"29,856.00","29,903.99",338.86,974.12
"29,904.00","29,951.99",337.86,973.12
"29,952.00","29,999.99",336.86,972.12
"30,000.00","30,047.99",335.86,971.12
"30,048.00","30,095.99",334.86,970.12
"30,096.00","30,143.99",333.86,969.12
"30,144.00","30,191.99",332.86,968.12
"30,192.00","30,239.99",331.86,967.12
"30,240.00","30,287.99",330.86,966.12
"30,288.00","30,335.99",329.86,965.12
"30,336.00","30,383.99",328.86,964.12
"30,384.00","30,431.99",327.86,963.12
"30,432.00","30,479.99",326.86,962.12
"30,480.00","30,527.99",325.86,961.12
"30,528.00","30,575.99",324.86,960.12
"30,576.00","30,623.99",323.86,959.12
"30,624.00","30,671.99",322.86,958.12
"30,672.00","30,719.99",321.86,957.12
"30,720.00","30,767.99",320.86,956.12
"30,768.00","30,815.99",319.86,955.12
"30,816.00","30,863.99",318.86,954.12
"30,864.00","30,911.99",317.86,953.12
"30,912.00","30,959.99",316.86,952.12
"30,960.00","31,007.99",315.86,951.12
"31,008.00","31,055.99",314.86,950.12
"31,056.00","31,103.99",313.86,949.12
"31,104.00","31,151.99",312.86,948.12
"31,152.00","31,199.99",311.86,947.12
"31,200.00","31,247.99",310.86,946.12
"31,248.00","31,295.99",309.86,945.12
"31,296.00","31,343.99",308.86,944.12
"31,344.00","31,391.99",307.86,943.12
"31,392.00","31,439.99",306.86,942.12
"31,440.00","31,487.99",305.86,941.12
"31,488.00","31,535.99",304.86,940.12
"31,536.00","31,583.99",303.86,939.12
"31,584.00","31,631.99",302.86,938.12
"31,632.00","31,679.99",301.86,937.12
"31,680.00","31,727.99",300.86,936.12
"31,728.00","31,775.99",299.86,935.12
"31,776.00","31,823.99",298.86,934.12
"31,824.00","31,871.99",297.86,933.12
"31,872.00","31,919.99",296.86,932.12
"31,920.00","31,967.99",295.86,931.12
"31,968.00","32,015.99",294.86,930.12
"32,016.00","32,063.99",293.86,929.12
"32,064.00","32,111.99",292.86,928.12
"32,112.00","32,159.99",291.86,927.12
"32,160.00","32,207.99",290.86,926.12
"32,208.00","32,255.99",289.86,925.12
"32,256.00","32,303.99",288.86,924.12
"32,304.00","32,351.99",287.86,923.12
"32,352.00","32,399.99",286.86,922.12
"32,400.00","32,447.99",285.86,921.12
"32,448.00","32,495.99",284.86,920.12
"32,496.00","32,543.99",283.86,919.12
"32,544.00","32,591.99",282.86,918.12
"32,592.00","32,639.99",281.86,917.12
"32,640.00","32,687.99",280.86,916.12
"32,688.00","32,735.99",279.86,915.12
"32,736.00","32,783.99",278.86,914.12
"32,784.00","32,831.99",277.86,913.12
"32,832.00","32,879.99",276.86,912.12
"32,880.00","32,927.99",275.86,911.12
"32,928.00","32,975.99",274.86,910.12
"32,976.00","33,023.99",273.86,909.12
"33,024.00","33,071.99",272.86,908.12
"33,072.00","33,119.99",271.86,907.12
"33,120.00","33,167.99",270.86,906.12
"33,168.00","33,215.99",269.86,905.12
"33,216.00","33,263.99",268.86,904.12
"33,264.00","33,311.99",267.86,903.12
"33,312.00","33,359.99",266.86,902.12
"33,360.00","33,407.99",265.86,901.12
"33,408.00","33,455.99",264.86,900.12
"33,456.00","33,503.99",263.86,899.12
"33,504.00","33,551.99",262.86,898.12
"33,552.00","33,599.99",261.86,897.12
"33,600.00","33,647.99",260.86,896.12
"33,648.00","33,695.99",259.86,895.12
"33,696.00","33,743.99",258.86,894.12
"33,744.00","33,791.99",257.86,893.12
"33,792.00","33,839.99",256.86,892.12
"33,840.00","33,887.99",255.86,891.12
"33,888.00","33,935.99",254.86,890.12
"33,936.00","33,983.99",253.86,889.12
"33,984.00","34,031.99",252.86,888.12
"34,032.00","34,079.99",251.86,887.12
"34,080.00","34,127.99",250.86,886.12
"34,128.00","34,175.99",249.86,885.12
"34,176.00","34,223.99",248.86,884.12
"34,224.00","34,271.99",247.86,883.12
"34,272.00","34,319.99",246.86,882.12
"34,320.00","34,367.99",245.86,881.12
"34,368.00","34,415.99",244.86,880.12
"34,416.00","34,463.99",243.86,879.12
"34,464.00","34,511.99",242.86,878.12
"34,512.00","34,559.99",241.86,877.12
"34,560.00","34,607.99",240.86,876.12
"34,608.00","34,655.99",239.86,875.12
"34,656.00","34,703.99",238.86,874.12
"34,704.00","34,751.99",237.86,873.12
"34,752.00","34,799.99",236.86,872.12
"34,800.00","34,847.99",235.86,871.12
"34,848.00","34,895.99",234.86,870.12
"34,896.00","34,943.99",233.86,869.12
"34,944.00","34,991.99",232.86,868.12
"34,992.00","35,039.99",231.86,867.12
"35,040.00","35,087.99",230.86,866.12
"35,088.00","35,135.99",229.86,865.12
"35,136.00","35,183.99",228.86,864.12
"35,184.00","35,231.99",227.86,863.12
"35,232.00","35,279.99",226.86,862.12
"35,280.00","35,327.99",225.86,861.12
"35,328.00","35,375.99",224.86,860.12
"35,376.00","35,423.99",223.86,859.12
"35,424.00","35,471.99",222.86,858.12
"35,472.00","35,519.99",221.86,857.12
"35,520.00","35,567.99",220.86,856.12
"35,568.00","35,615.99",219.86,855.12
"35,616.00","35,663.99",218.86,854.12
"35,664.00","35,711.99",217.86,853.12
"35,712.00","35,759.99",216.86,852.12
"35,760.00","35,807.99",215.86,851.12
"35,808.00","35,855.99",214.86,850.12
"35,856.00","35,903.99",213.86,849.12
"35,904.00","35,951.99",212.86,848.12
"35,952.00","35,999.99",211.86,847.12
"36,000.00","36,047.99",210.86,846.12
"36,048.00","36,095.99",209.86,845.12
"36,096.00","36,143.99",208.86,844.12
"36,144.00","36,191.99",207.86,843.12
"36,192.00","36,239.99",206.86,842.12
"36,240.00","36,287.99",205.86,841.12
"36,288.00","36,335.99",204.86,840.12
"36,336.00","36,383.99",203.86,839.12
"36,384.00","36,431.99",202.86,838.12
"36,432.00","36,479.99",201.86,837.12
"36,480.00","36,527.99",200.86,836.12
"36,528.00","36,575.99",199.86,835.12
"36,576.00","36,623.99",198.86,834.12
"36,624.00","36,671.99",197.86,833.12
"36,672.00","36,719.99",196.86,832.12
"36,720.00","36,767.99",195.86,831.12
"36,768.00","36,815.99",194.86,830.12
"36,816.00","36,863.99",193.86,829.12
"36,864.00","36,911.99",192.86,828.12
"36,912.00","36,959.99",191.86,827.12
"36,960.00","37,007.99",190.86,826.12
"37,008.00","37,055.99",189.86,825.12
"37,056.00","37,103.99",188.86,824.12
"37,104.00","37,151.99",187.86,823.12
"37,152.00","37,199.99",186.86,822.12
"37,200.00","37,247.99",185.86,821.12
"37,248.00","37,295.99",184.86,820.12
"37,296.00","37,343.99",183.86,819.12
"37,344.00","37,391.99",182.86,818.12
"37,392.00","37,439.99",181.86,817.12
"37,440.00","37,487.99",180.86,816.12
"37,488.00","37,535.99",179.86,815.12
"37,536.00","37,583.99",178.86,814.12
"37,584.00","37,631.99",177.86,813.12
"37,632.00","37,679.99",176.86,812.12
"37,680.00","37,727.99",175.86,811.12
"37,728.00","37,775.99",174.86,810.12
"37,776.00","37,823.99",173.86,809.12
"37,824.00","37,871.99",172.86,808.12
"37,872.00","37,919.99",171.86,807.12
"37,920.00","37,967.99",170.86,806.12
"37,968.00","38,015.99",169.86,805.12
"38,016.00","38,063.99",168.86,804.12
"38,064.00","38,111.99",167.86,803.12
"38,112.00","38,159.99",166.86,802.12
"38,160.00","38,207.99",165.86,801.12
"38,208.00","38,255.99",164.86,800.12
"38,256.00","38,303.99",163.86,799.12
"38,304.00","38,351.99",162.86,798.12
"38,352.00","38,399.99",161.86,797.12
"38,400.00","38,447.99",160.86,796.12
"38,448.00","38,495.99",159.86,795.12
"38,496.00","38,543.99",158.86,794.12
"38,544.00","38,591.99",157.86,793.12
"38,592.00","38,639.99",156.86,792.12
"38,640.00","38,687.99",155.86,791.12
"38,688.00","38,735.99",154.86,790.12
"38,736.00","38,783.99",153.86,789.12
"38,784.00","38,831.99",152.86,788.12
"38,832.00","38,879.99",151.86,787.12
"38,880.00","38,927.99",150.86,786.12
"38,928.00","38,975.99",149.86,785.12
"38,976.00","39,023.99",148.86,784.12
"39,024.00","39,071.99",147.86,783.12
"39,072.00","39,119.99",146.86,782.12
"39,120.00","39,167.99",145.86,781.12
"39,168.00","39,215.99",144.86,780.12
"39,216.00","39,263.99",143.86,779.12
"39,264.00","39,311.99",142.86,778.12
"39,312.00","39,359.99",141.86,777.12
"39,360.00","39,407.99",140.86,776.12
"39,408.00","39,455.99",139.86,775.12
"39,456.00","39,503.99",138.86,774.12
"39,504.00","39,551.99",137.86,773.12
"39,552.00","39,599.99",136.86,772.12
"39,600.00","39,647.99",135.86,771.12
"39,648.00","39,695.99",134.86,770.12
"39,696.00","39,743.99",133.86,769.12
"39,744.00","39,791.99",132.86,768.12
"39,792.00","39,839.99",131.86,767.12
"39,840.00","39,887.99",130.86,766.12
"39,888.00","39,935.99",129.86,765.12
"39,936.00","39,983.99",128.86,764.12
"39,984.00","40,031.99",127.86,763.12
"40,032.00","40,079.99",126.86,762.12
"40,080.00","40,127.99",125.86,761.12
"40,128.00","40,175.99",124.86,760.12
"40,176.00","40,223.99",123.86,759.12
"40,224.00","40,271.99",122.86,758.12
"40,272.00","40,319.99",121.86,757.12
"40,320.00","40,367.99",120.86,756.12
"40,368.00","40,415.99",119.86,755.12
"40,416.00","40,463.99",118.86,754.12
"40,464.00","40,511.99",117.86,753.12
"40,512.00","40,559.99",116.86,752.12
"40,560.00","40,607.99",115.86,751.12
"40,608.00","40,655.99",114.86,750.12
"40,656.00","40,703.99",113.86,749.12
"40,704.00","40,751.99",112.86,748.12
"40,752.00","40,799.99",111.86,747.12
"40,800.00","40,847.99",110.86,746.12
"40,848.00","40,895.99",109.86,745.12
"40,896.00","40,943.99",108.86,744.12
"40,944.00","40,991.99",107.86,743.12
"40,992.00","41,039.99",106.86,742.12
"41,040.00","41,087.99",105.86,741.12
"41,088.00","41,135.99",104.86,740.12
"41,136.00","41,183.99",103.86,739.12
"41,184.00","41,231.99",102.86,738.12
"41,232.00","41,279.99",101.86,737.12
"41,280.00","41,327.99",100.86,736.12
"41,328.00","41,375.99",99.86,735.12
"41,376.00","41,423.99",98.86,734.12
"41,424.00","41,471.99",97.86,733.12
"41,472.00","41,519.99",96.86,732.12
"41,520.00","41,567.99",95.86,731.12
"41,568.00","41,615.99",94.86,730.12
"41,616.00","41,663.99",93.86,729.12
"41,664.00","41,711.99",92.86,728.12
"41,712.00","41,759.99",91.86,727.12
"41,760.00","41,807.99",90.86,726.12
"41,808.00","41,855.99",89.86,725.12
"41,856.00","41,903.99",88.86,724.12
"41,904.00","41,951.99",87.86,723.12
"41,952.00","41,999.99",86.86,722.12
"42,000.00","42,047.99",85.86,721.12
"42,048.00","42,095.99",84.86,720.12
"42,096.00","42,143.99",83.86,719.12
"42,144.00","42,191.99",82.86,718.12
"42,192.00","42,239.99",81.86,717.12
"42,240.00","42,287.99",80.86,716.12
"42,288.00","42,335.99",79.86,715.12
"42,336.00","42,383.99",78.86,714.12
"42,384.00","42,431.99",77.86,713.12
"42,432.00","42,479.99",76.86,712.12
"42,480.00","42,527.99",75.86,711.12
"42,528.00","42,575.99",74.86,710.12
"42,576.00","42,623.99",73.86,709.12
"42,624.00","42,671.99",72.86,708.12
"42,672.00","42,719.99",71.86,707.12
"42,720.00","42,767.99",70.86,706.12
"42,768.00","42,815.99",69.86,705.12
"42,816.00","42,863.99",68.86,704.12
"42,864.00","42,911.99",67.86,703.12
"42,912.00","42,959.99",66.86,702.12
"42,960.00","43,007.99",65.86,701.12
"43,008.00","43,055.99",64.86,700.12
"43,056.00","43,103.99",63.86,699.12
"43,104.00","43,151.99",62.86,698.12
"43,152.00","43,199.99",61.86,697.12
"43,200.00","43,247.99",60.86,696.12
"43,248.00","43,295.99",59.86,695.12
"43,296.00","43,343.99",58.86,694.12
"43,344.00","43,391.99",57.86,693.12
"43,392.00","43,439.99",56.86,692.12
"43,440.00","43,487.99",55.86,691.12
"43,488.00","43,535.99",54.86,690.12
"43,536.00","43,583.99",53.86,689.12
"43,584.00","43,631.99",52.86,688.12
"43,632.00","43,679.99",51.86,687.12
"43,680.00","43,727.99",50.86,686.12
"43,728.00","43,775.99",49.86,685.12
"43,776.00","43,823.99",48.86,684.12
"43,824.00","43,871.99",47.86,683.12
"43,872.00","43,919.99",46.86,682.12
"43,920.00","43,967.99",45.86,681.12
"43,968.00","44,015.99",44.86,680.12
"44,016.00","44,063.99",43.86,679.12
"44,064.00","44,111.99",42.86,678.12
"44,112.00","44,159.99",41.86,677.12
"44,160.00","44,207.99",40.86,676.12
"44,208.00","44,255.99",39.86,675.12
"44,256.00","44,303.99",38.86,674.12
"44,304.00","44,351.99",37.86,673.12
"44,352.00","44,399.99",36.86,672.12
"44,400.00","44,447.99",35.86,671.12
"44,448.00","44,495.99",34.86,670.12
"44,496.00","44,543.99",33.86,669.12
"44,544.00","44,591.99",32.86,668.12
"44,592.00","44,639.99",31.86,667.12
"44,640.00","44,687.99",30.86,666.12
"44,688.00","44,735.99",29.86,665.12
"44,736.00","44,783.99",28.86,664.12
"44,784.00","44,831.99",27.86,663.12
"44,832.00","44,879.99",26.86,662.12
"44,880.00","44,927.99",25.86,661.12
"44,928.00","44,975.99",24.86,660.12
"44,976.00","45,023.99",23.86,659.12
"45,024.00","45,071.99",22.86,658.12
"45,072.00","45,119.99",21.86,657.12
"45,120.00","45,167.99",20.86,656.12
"45,168.00","45,215.99",19.86,655.12
"45,216.00","45,263.99",18.86,654.12
"45,264.00","45,311.99",17.86,653.12
"45,312.00","45,359.99",16.86,652.12
"45,360.00","45,407.99",15.86,651.12
"45,408.00","45,455.99",14.86,650.12
"45,456.00","45,503.99",13.86,649.12
"45,504.00","45,551.99",12.86,648.12
"45,552.00","45,599.99",11.86,647.12
"45,600.00","45,647.99",10.86,646.12
"45,648.00","45,695.99",9.86,645.12
"45,696.00","45,743.99",8.86,644.12
"45,744.00","45,791.99",7.86,643.12
"45,792.00","45,839.99",6.86,642.12
"45,840.00","45,887.99",5.86,641.12
"45,888.00","45,935.99",4.86,640.12
"45,936.00","45,983.99",3.86,639.12
"45,984.00","46,031.99",2.86,638.12
"46,032.00","46,079.99",1.86,637.12
"46,080.00","46,127.99",0.86,636.12
