Amount Effective from July to September 2019/Montant en vigueur en juillet à septembre 2019,,,
Combined Yearly Income of couple (excluding OAS Pension and GIS) From ($),Combined Yearly Income of couple (excluding OAS Pension and GIS) To ($),Total Monthly GIS with Maximum OAS Pension ($),Combined Monthly OAS Pension and GIS ($)
Revenu annuel du couple (sauf la pension de la SV et le SRG) De ($),Revenu annuel du couple (sauf la pension de la SV et le SRG) À ($),Total mensuel pour le SRG pour montant maximal de la pension de la SV ($),Total mensuel de la pension de la SV et du SRG ($)
0,"4,095.99",907.3,"1,514.76"
"4,096.00","4,191.99",906.3,"1,513.76"
"4,192.00","4,287.99",905.3,"1,512.76"
"4,288.00","4,383.99",904.3,"1,511.76"
"4,384.00","4,479.99",903.3,"1,510.76"
"4,480.00","4,575.99",902.3,"1,509.76"
"4,576.00","4,671.99",901.3,"1,508.76"
"4,672.00","4,767.99",900.3,"1,507.76"
"4,768.00","4,863.99",899.3,"1,506.76"
"4,864.00","4,959.99",898.3,"1,505.76"
"4,960.00","5,055.99",897.3,"1,504.76"
"5,056.00","5,151.99",896.3,"1,503.76"
"5,152.00","5,247.99",895.3,"1,502.76"
"5,248.00","5,343.99",894.3,"1,501.76"
"5,344.00","5,439.99",893.3,"1,500.76"
"5,440.00","5,535.99",892.3,"1,499.76"
"5,536.00","5,631.99",891.3,"1,498.76"
"5,632.00","5,727.99",890.3,"1,497.76"
"5,728.00","5,823.99",889.3,"1,496.76"
"5,824.00","5,919.99",888.3,"1,495.76"
"5,920.00","6,015.99",887.3,"1,494.76"
"6,016.00","6,111.99",886.3,"1,493.76"
"6,112.00","6,207.99",885.3,"1,492.76"
"6,208.00","6,303.99",884.3,"1,491.76"
"6,304.00","6,399.99",883.3,"1,490.76"
"6,400.00","6,495.99",882.3,"1,489.76"
"6,496.00","6,591.99",881.3,"1,488.76"
"6,592.00","6,687.99",880.3,"1,487.76"
"6,688.00","6,783.99",879.3,"1,486.76"
"6,784.00","6,879.99",878.3,"1,485.76"
"6,880.00","6,975.99",877.3,"1,484.76"
"6,976.00","7,071.99",876.3,"1,483.76"
"7,072.00","7,167.99",875.3,"1,482.76"
"7,168.00","7,263.99",874.3,"1,481.76"
"7,264.00","7,343.99",873.3,"1,480.76"
"7,344.00","7,359.99",872.3,"1,479.76"
"7,360.00","7,391.99",871.3,"1,478.76"
"7,392.00","7,439.99",870.3,"1,477.76"
"7,440.00","7,455.99",869.3,"1,476.76"
"7,456.00","7,487.99",868.3,"1,475.76"
"7,488.00","7,535.99",867.3,"1,474.76"
"7,536.00","7,551.99",866.3,"1,473.76"
"7,552.00","7,583.99",865.3,"1,472.76"
"7,584.00","7,631.99",864.3,"1,471.76"
"7,632.00","7,647.99",863.3,"1,470.76"
"7,648.00","7,679.99",862.3,"1,469.76"
"7,680.00","7,727.99",861.3,"1,468.76"
"7,728.00","7,743.99",860.3,"1,467.76"
"7,744.00","7,775.99",859.3,"1,466.76"
"7,776.00","7,823.99",858.3,"1,465.76"
"7,824.00","7,839.99",857.3,"1,464.76"
"7,840.00","7,871.99",856.3,"1,463.76"
"7,872.00","7,919.99",855.3,"1,462.76"
"7,920.00","7,935.99",854.3,"1,461.76"
"7,936.00","7,967.99",853.3,"1,460.76"
"7,968.00","8,015.99",852.3,"1,459.76"
"8,016.00","8,031.99",851.3,"1,458.76"
"8,032.00","8,063.99",850.3,"1,457.76"
"8,064.00","8,111.99",849.3,"1,456.76"
"8,112.00","8,127.99",848.3,"1,455.76"
"8,128.00","8,159.99",847.3,"1,454.76"
"8,160.00","8,207.99",846.3,"1,453.76"
"8,208.00","8,223.99",845.3,"1,452.76"
"8,224.00","8,255.99",844.3,"1,451.76"
"8,256.00","8,303.99",843.3,"1,450.76"
"8,304.00","8,319.99",842.3,"1,449.76"
"8,320.00","8,351.99",841.3,"1,448.76"
"8,352.00","8,399.99",840.3,"1,447.76"
"8,400.00","8,415.99",839.3,"1,446.76"
"8,416.00","8,447.99",838.3,"1,445.76"
"8,448.00","8,495.99",837.3,"1,444.76"
"8,496.00","8,511.99",836.3,"1,443.76"
"8,512.00","8,543.99",835.3,"1,442.76"
"8,544.00","8,591.99",834.3,"1,441.76"
"8,592.00","8,607.99",833.3,"1,440.76"
"8,608.00","8,639.99",832.3,"1,439.76"
"8,640.00","8,687.99",831.3,"1,438.76"
"8,688.00","8,703.99",830.3,"1,437.76"
"8,704.00","8,735.99",829.3,"1,436.76"
"8,736.00","8,783.99",828.3,"1,435.76"
"8,784.00","8,799.99",827.3,"1,434.76"
"8,800.00","8,831.99",826.3,"1,433.76"
"8,832.00","8,879.99",825.3,"1,432.76"
"8,880.00","8,895.99",824.3,"1,431.76"
"8,896.00","8,927.99",823.3,"1,430.76"
"8,928.00","8,975.99",822.3,"1,429.76"
"8,976.00","8,991.99",821.3,"1,428.76"
"8,992.00","9,023.99",820.3,"1,427.76"
"9,024.00","9,071.99",819.3,"1,426.76"
"9,072.00","9,087.99",818.3,"1,425.76"
"9,088.00","9,119.99",817.3,"1,424.76"
"9,120.00","9,167.99",816.3,"1,423.76"
"9,168.00","9,183.99",815.3,"1,422.76"
"9,184.00","9,215.99",814.3,"1,421.76"
"9,216.00","9,263.99",813.3,"1,420.76"
"9,264.00","9,279.99",812.3,"1,419.76"
"9,280.00","9,311.99",811.3,"1,418.76"
"9,312.00","9,359.99",810.3,"1,417.76"
"9,360.00","9,375.99",809.3,"1,416.76"
"9,376.00","9,407.99",808.3,"1,415.76"
"9,408.00","9,455.99",807.3,"1,414.76"
"9,456.00","9,471.99",806.3,"1,413.76"
"9,472.00","9,503.99",805.3,"1,412.76"
"9,504.00","9,551.99",804.3,"1,411.76"
"9,552.00","9,567.99",803.3,"1,410.76"
"9,568.00","9,599.99",802.3,"1,409.76"
"9,600.00","9,647.99",801.3,"1,408.76"
"9,648.00","9,663.99",800.3,"1,407.76"
"9,664.00","9,695.99",799.3,"1,406.76"
"9,696.00","9,743.99",798.3,"1,405.76"
"9,744.00","9,759.99",797.3,"1,404.76"
"9,760.00","9,791.99",796.3,"1,403.76"
"9,792.00","9,839.99",795.3,"1,402.76"
"9,840.00","9,855.99",794.3,"1,401.76"
"9,856.00","9,887.99",793.3,"1,400.76"
"9,888.00","9,935.99",792.3,"1,399.76"
"9,936.00","9,951.99",791.3,"1,398.76"
"9,952.00","9,983.99",790.3,"1,397.76"
"9,984.00","10,031.99",789.3,"1,396.76"
"10,032.00","10,047.99",788.3,"1,395.76"
"10,048.00","10,079.99",787.3,"1,394.76"
"10,080.00","10,127.99",786.3,"1,393.76"
"10,128.00","10,143.99",785.3,"1,392.76"
"10,144.00","10,175.99",784.3,"1,391.76"
"10,176.00","10,223.99",783.3,"1,390.76"
"10,224.00","10,239.99",782.3,"1,389.76"
"10,240.00","10,271.99",781.3,"1,388.76"
"10,272.00","10,319.99",780.3,"1,387.76"
"10,320.00","10,335.99",779.3,"1,386.76"
"10,336.00","10,367.99",778.3,"1,385.76"
"10,368.00","10,415.99",777.3,"1,384.76"
"10,416.00","10,431.99",776.3,"1,383.76"
"10,432.00","10,463.99",775.3,"1,382.76"
"10,464.00","10,511.99",774.3,"1,381.76"
"10,512.00","10,527.99",773.3,"1,380.76"
"10,528.00","10,559.99",772.3,"1,379.76"
"10,560.00","10,607.99",771.3,"1,378.76"
"10,608.00","10,623.99",770.3,"1,377.76"
"10,624.00","10,655.99",769.3,"1,376.76"
"10,656.00","10,703.99",768.3,"1,375.76"
"10,704.00","10,719.99",767.3,"1,374.76"
"10,720.00","10,751.99",766.3,"1,373.76"
"10,752.00","10,799.99",765.3,"1,372.76"
"10,800.00","10,815.99",764.3,"1,371.76"
"10,816.00","10,847.99",763.3,"1,370.76"
"10,848.00","10,895.99",762.3,"1,369.76"
"10,896.00","10,911.99",761.3,"1,368.76"
"10,912.00","10,943.99",760.3,"1,367.76"
"10,944.00","10,991.99",759.3,"1,366.76"
"10,992.00","11,007.99",758.3,"1,365.76"
"11,008.00","11,039.99",757.3,"1,364.76"
"11,040.00","11,087.99",756.3,"1,363.76"
"11,088.00","11,103.99",755.3,"1,362.76"
"11,104.00","11,135.99",754.3,"1,361.76"
"11,136.00","11,183.99",753.3,"1,360.76"
"11,184.00","11,199.99",752.3,"1,359.76"
"11,200.00","11,231.99",751.3,"1,358.76"
"11,232.00","11,279.99",750.3,"1,357.76"
"11,280.00","11,295.99",749.3,"1,356.76"
"11,296.00","11,327.99",748.3,"1,355.76"
"11,328.00","11,375.99",747.3,"1,354.76"
"11,376.00","11,391.99",746.3,"1,353.76"
"11,392.00","11,423.99",745.3,"1,352.76"
"11,424.00","11,471.99",744.3,"1,351.76"
"11,472.00","11,487.99",743.3,"1,350.76"
"11,488.00","11,519.99",742.3,"1,349.76"
"11,520.00","11,567.99",741.3,"1,348.76"
"11,568.00","11,583.99",740.3,"1,347.76"
"11,584.00","11,615.99",739.3,"1,346.76"
"11,616.00","11,663.99",738.3,"1,345.76"
"11,664.00","11,679.99",737.3,"1,344.76"
"11,680.00","11,711.99",736.3,"1,343.76"
"11,712.00","11,759.99",735.3,"1,342.76"
"11,760.00","11,775.99",734.3,"1,341.76"
"11,776.00","11,807.99",733.3,"1,340.76"
"11,808.00","11,855.99",732.3,"1,339.76"
"11,856.00","11,871.99",731.3,"1,338.76"
"11,872.00","11,903.99",730.3,"1,337.76"
"11,904.00","11,951.99",729.3,"1,336.76"
"11,952.00","11,967.99",728.3,"1,335.76"
"11,968.00","11,999.99",727.3,"1,334.76"
"12,000.00","12,047.99",726.3,"1,333.76"
"12,048.00","12,063.99",725.3,"1,332.76"
"12,064.00","12,095.99",724.3,"1,331.76"
"12,096.00","12,143.99",723.3,"1,330.76"
"12,144.00","12,159.99",722.3,"1,329.76"
"12,160.00","12,191.99",721.3,"1,328.76"
"12,192.00","12,239.99",720.3,"1,327.76"
"12,240.00","12,255.99",719.3,"1,326.76"
"12,256.00","12,287.99",718.3,"1,325.76"
"12,288.00","12,335.99",717.3,"1,324.76"
"12,336.00","12,351.99",716.3,"1,323.76"
"12,352.00","12,383.99",715.3,"1,322.76"
"12,384.00","12,431.99",714.3,"1,321.76"
"12,432.00","12,447.99",713.3,"1,320.76"
"12,448.00","12,479.99",712.3,"1,319.76"
"12,480.00","12,527.99",711.3,"1,318.76"
"12,528.00","12,543.99",710.3,"1,317.76"
"12,544.00","12,575.99",709.3,"1,316.76"
"12,576.00","12,623.99",708.3,"1,315.76"
"12,624.00","12,639.99",707.3,"1,314.76"
"12,640.00","12,671.99",706.3,"1,313.76"
"12,672.00","12,719.99",705.3,"1,312.76"
"12,720.00","12,735.99",704.3,"1,311.76"
"12,736.00","12,767.99",703.3,"1,310.76"
"12,768.00","12,815.99",702.3,"1,309.76"
"12,816.00","12,831.99",701.3,"1,308.76"
"12,832.00","12,863.99",700.3,"1,307.76"
"12,864.00","12,911.99",699.3,"1,306.76"
"12,912.00","12,927.99",698.3,"1,305.76"
"12,928.00","12,959.99",697.3,"1,304.76"
"12,960.00","13,007.99",696.3,"1,303.76"
"13,008.00","13,023.99",695.3,"1,302.76"
"13,024.00","13,055.99",694.3,"1,301.76"
"13,056.00","13,103.99",693.3,"1,300.76"
"13,104.00","13,119.99",692.3,"1,299.76"
"13,120.00","13,151.99",691.3,"1,298.76"
"13,152.00","13,199.99",690.3,"1,297.76"
"13,200.00","13,215.99",689.3,"1,296.76"
"13,216.00","13,247.99",688.3,"1,295.76"
"13,248.00","13,295.99",687.3,"1,294.76"
"13,296.00","13,311.99",686.3,"1,293.76"
"13,312.00","13,343.99",685.3,"1,292.76"
"13,344.00","13,391.99",684.3,"1,291.76"
"13,392.00","13,407.99",683.3,"1,290.76"
"13,408.00","13,439.99",682.3,"1,289.76"
"13,440.00","13,487.99",681.3,"1,288.76"
"13,488.00","13,503.99",680.3,"1,287.76"
"13,504.00","13,535.99",679.3,"1,286.76"
"13,536.00","13,583.99",678.3,"1,285.76"
"13,584.00","13,599.99",677.3,"1,284.76"
"13,600.00","13,631.99",676.3,"1,283.76"
"13,632.00","13,679.99",675.3,"1,282.76"
"13,680.00","13,695.99",674.3,"1,281.76"
"13,696.00","13,727.99",673.3,"1,280.76"
"13,728.00","13,775.99",672.3,"1,279.76"
"13,776.00","13,791.99",671.3,"1,278.76"
"13,792.00","13,823.99",670.3,"1,277.76"
"13,824.00","13,871.99",669.3,"1,276.76"
"13,872.00","13,887.99",668.3,"1,275.76"
"13,888.00","13,919.99",667.3,"1,274.76"
"13,920.00","13,967.99",666.3,"1,273.76"
"13,968.00","13,983.99",665.3,"1,272.76"
"13,984.00","14,015.99",664.3,"1,271.76"
"14,016.00","14,063.99",663.3,"1,270.76"
"14,064.00","14,079.99",662.3,"1,269.76"
"14,080.00","14,111.99",661.3,"1,268.76"
"14,112.00","14,159.99",660.3,"1,267.76"
"14,160.00","14,175.99",659.3,"1,266.76"
"14,176.00","14,207.99",658.3,"1,265.76"
"14,208.00","14,255.99",657.3,"1,264.76"
"14,256.00","14,271.99",656.3,"1,263.76"
"14,272.00","14,303.99",655.3,"1,262.76"
"14,304.00","14,351.99",654.3,"1,261.76"
"14,352.00","14,367.99",653.3,"1,260.76"
"14,368.00","14,399.99",652.3,"1,259.76"
"14,400.00","14,447.99",651.3,"1,258.76"
"14,448.00","14,463.99",650.3,"1,257.76"
"14,464.00","14,495.99",649.3,"1,256.76"
"14,496.00","14,543.99",648.3,"1,255.76"
"14,544.00","14,559.99",647.3,"1,254.76"
"14,560.00","14,591.99",646.3,"1,253.76"
"14,592.00","14,639.99",645.3,"1,252.76"
"14,640.00","14,655.99",644.3,"1,251.76"
"14,656.00","14,687.99",643.3,"1,250.76"
"14,688.00","14,735.99",642.3,"1,249.76"
"14,736.00","14,751.99",641.3,"1,248.76"
"14,752.00","14,783.99",640.3,"1,247.76"
"14,784.00","14,831.99",639.3,"1,246.76"
"14,832.00","14,847.99",638.3,"1,245.76"
"14,848.00","14,879.99",637.3,"1,244.76"
"14,880.00","14,927.99",636.3,"1,243.76"
"14,928.00","14,943.99",635.3,"1,242.76"
"14,944.00","14,975.99",634.3,"1,241.76"
"14,976.00","15,023.99",633.3,"1,240.76"
"15,024.00","15,039.99",632.3,"1,239.76"
"15,040.00","15,071.99",631.3,"1,238.76"
"15,072.00","15,119.99",630.3,"1,237.76"
"15,120.00","15,135.99",629.3,"1,236.76"
"15,136.00","15,167.99",628.3,"1,235.76"
"15,168.00","15,215.99",627.3,"1,234.76"
"15,216.00","15,231.99",626.3,"1,233.76"
"15,232.00","15,263.99",625.3,"1,232.76"
"15,264.00","15,311.99",624.3,"1,231.76"
"15,312.00","15,327.99",623.3,"1,230.76"
"15,328.00","15,359.99",622.3,"1,229.76"
"15,360.00","15,407.99",621.3,"1,228.76"
"15,408.00","15,423.99",620.3,"1,227.76"
"15,424.00","15,455.99",619.3,"1,226.76"
"15,456.00","15,503.99",618.3,"1,225.76"
"15,504.00","15,519.99",617.3,"1,224.76"
"15,520.00","15,551.99",616.3,"1,223.76"
"15,552.00","15,599.99",615.3,"1,222.76"
"15,600.00","15,615.99",614.3,"1,221.76"
"15,616.00","15,647.99",613.3,"1,220.76"
"15,648.00","15,695.99",612.3,"1,219.76"
"15,696.00","15,711.99",611.3,"1,218.76"
"15,712.00","15,743.99",610.3,"1,217.76"
"15,744.00","15,791.99",609.3,"1,216.76"
"15,792.00","15,807.99",608.3,"1,215.76"
"15,808.00","15,839.99",607.3,"1,214.76"
"15,840.00","15,887.99",606.3,"1,213.76"
"15,888.00","15,903.99",605.3,"1,212.76"
"15,904.00","15,935.99",604.3,"1,211.76"
"15,936.00","15,983.99",603.3,"1,210.76"
"15,984.00","15,999.99",602.3,"1,209.76"
"16,000.00","16,031.99",601.3,"1,208.76"
"16,032.00","16,079.99",600.3,"1,207.76"
"16,080.00","16,095.99",599.3,"1,206.76"
"16,096.00","16,127.99",598.3,"1,205.76"
"16,128.00","16,175.99",597.3,"1,204.76"
"16,176.00","16,191.99",596.3,"1,203.76"
"16,192.00","16,223.99",595.3,"1,202.76"
"16,224.00","16,271.99",594.3,"1,201.76"
"16,272.00","16,287.99",593.3,"1,200.76"
"16,288.00","16,319.99",592.3,"1,199.76"
"16,320.00","16,367.99",591.3,"1,198.76"
"16,368.00","16,383.99",590.3,"1,197.76"
"16,384.00","16,415.99",589.3,"1,196.76"
"16,416.00","16,463.99",588.3,"1,195.76"
"16,464.00","16,479.99",587.3,"1,194.76"
"16,480.00","16,511.99",586.3,"1,193.76"
"16,512.00","16,559.99",585.3,"1,192.76"
"16,560.00","16,575.99",584.3,"1,191.76"
"16,576.00","16,607.99",583.3,"1,190.76"
"16,608.00","16,655.99",582.3,"1,189.76"
"16,656.00","16,671.99",581.3,"1,188.76"
"16,672.00","16,703.99",580.3,"1,187.76"
"16,704.00","16,751.99",579.3,"1,186.76"
"16,752.00","16,767.99",578.3,"1,185.76"
"16,768.00","16,799.99",577.3,"1,184.76"
"16,800.00","16,847.99",576.3,"1,183.76"
"16,848.00","16,863.99",575.3,"1,182.76"
"16,864.00","16,895.99",574.3,"1,181.76"
"16,896.00","16,943.99",573.3,"1,180.76"
"16,944.00","16,959.99",572.3,"1,179.76"
"16,960.00","16,991.99",571.3,"1,178.76"
"16,992.00","17,039.99",570.3,"1,177.76"
"17,040.00","17,055.99",569.3,"1,176.76"
"17,056.00","17,087.99",568.3,"1,175.76"
"17,088.00","17,135.99",567.3,"1,174.76"
"17,136.00","17,151.99",566.3,"1,173.76"
"17,152.00","17,183.99",565.3,"1,172.76"
"17,184.00","17,231.99",564.3,"1,171.76"
"17,232.00","17,247.99",563.3,"1,170.76"
"17,248.00","17,279.99",562.3,"1,169.76"
"17,280.00","17,327.99",561.3,"1,168.76"
"17,328.00","17,343.99",560.3,"1,167.76"
"17,344.00","17,375.99",559.3,"1,166.76"
"17,376.00","17,423.99",558.3,"1,165.76"
"17,424.00","17,439.99",557.3,"1,164.76"
"17,440.00","17,471.99",556.3,"1,163.76"
"17,472.00","17,519.99",555.3,"1,162.76"
"17,520.00","17,535.99",554.3,"1,161.76"
"17,536.00","17,567.99",553.77,"1,161.23"
"17,568.00","17,615.99",552.77,"1,160.23"
"17,616.00","17,663.99",551.77,"1,159.23"
"17,664.00","17,711.99",550.77,"1,158.23"
"17,712.00","17,759.99",549.77,"1,157.23"
"17,760.00","17,807.99",548.77,"1,156.23"
"17,808.00","17,855.99",547.77,"1,155.23"
"17,856.00","17,903.99",546.77,"1,154.23"
"17,904.00","17,951.99",545.77,"1,153.23"
"17,952.00","17,999.99",544.77,"1,152.23"
"18,000.00","18,047.99",543.77,"1,151.23"
"18,048.00","18,095.99",542.77,"1,150.23"
"18,096.00","18,143.99",541.77,"1,149.23"
"18,144.00","18,191.99",540.77,"1,148.23"
"18,192.00","18,239.99",539.77,"1,147.23"
"18,240.00","18,287.99",538.77,"1,146.23"
"18,288.00","18,335.99",537.77,"1,145.23"
"18,336.00","18,383.99",536.77,"1,144.23"
"18,384.00","18,431.99",535.77,"1,143.23"
"18,432.00","18,479.99",534.77,"1,142.23"
"18,480.00","18,527.99",533.77,"1,141.23"
"18,528.00","18,575.99",532.77,"1,140.23"
"18,576.00","18,623.99",531.77,"1,139.23"
"18,624.00","18,671.99",530.77,"1,138.23"
"18,672.00","18,719.99",529.77,"1,137.23"
"18,720.00","18,767.99",528.77,"1,136.23"
"18,768.00","18,815.99",527.77,"1,135.23"
"18,816.00","18,863.99",526.77,"1,134.23"
"18,864.00","18,911.99",525.77,"1,133.23"
"18,912.00","18,959.99",524.77,"1,132.23"
"18,960.00","19,007.99",523.77,"1,131.23"
"19,008.00","19,055.99",522.77,"1,130.23"
"19,056.00","19,103.99",521.77,"1,129.23"
"19,104.00","19,151.99",520.77,"1,128.23"
"19,152.00","19,199.99",519.77,"1,127.23"
"19,200.00","19,247.99",518.77,"1,126.23"
"19,248.00","19,295.99",517.77,"1,125.23"
"19,296.00","19,343.99",516.77,"1,124.23"
"19,344.00","19,391.99",515.77,"1,123.23"
"19,392.00","19,439.99",514.77,"1,122.23"
"19,440.00","19,487.99",513.77,"1,121.23"
"19,488.00","19,535.99",512.77,"1,120.23"
"19,536.00","19,583.99",511.77,"1,119.23"
"19,584.00","19,631.99",510.77,"1,118.23"
"19,632.00","19,679.99",509.77,"1,117.23"
"19,680.00","19,727.99",508.77,"1,116.23"
"19,728.00","19,775.99",507.77,"1,115.23"
"19,776.00","19,823.99",506.77,"1,114.23"
"19,824.00","19,871.99",505.77,"1,113.23"
"19,872.00","19,919.99",504.77,"1,112.23"
"19,920.00","19,967.99",503.77,"1,111.23"
"19,968.00","20,015.99",502.77,"1,110.23"
"20,016.00","20,063.99",501.77,"1,109.23"
"20,064.00","20,111.99",500.77,"1,108.23"
"20,112.00","20,159.99",499.77,"1,107.23"
"20,160.00","20,207.99",498.77,"1,106.23"
"20,208.00","20,255.99",497.77,"1,105.23"
"20,256.00","20,303.99",496.77,"1,104.23"
"20,304.00","20,351.99",495.77,"1,103.23"
"20,352.00","20,399.99",494.77,"1,102.23"
"20,400.00","20,447.99",493.77,"1,101.23"
"20,448.00","20,495.99",492.77,"1,100.23"
"20,496.00","20,543.99",491.77,"1,099.23"
"20,544.00","20,591.99",490.77,"1,098.23"
"20,592.00","20,639.99",489.77,"1,097.23"
"20,640.00","20,687.99",488.77,"1,096.23"
"20,688.00","20,735.99",487.77,"1,095.23"
"20,736.00","20,783.99",486.77,"1,094.23"
"20,784.00","20,831.99",485.77,"1,093.23"
"20,832.00","20,879.99",484.77,"1,092.23"
"20,880.00","20,927.99",483.77,"1,091.23"
"20,928.00","20,975.99",482.77,"1,090.23"
"20,976.00","21,023.99",481.77,"1,089.23"
"21,024.00","21,071.99",480.77,"1,088.23"
"21,072.00","21,119.99",479.77,"1,087.23"
"21,120.00","21,167.99",478.77,"1,086.23"
"21,168.00","21,215.99",477.77,"1,085.23"
"21,216.00","21,263.99",476.77,"1,084.23"
"21,264.00","21,311.99",475.77,"1,083.23"
"21,312.00","21,359.99",474.77,"1,082.23"
"21,360.00","21,407.99",473.77,"1,081.23"
"21,408.00","21,455.99",472.77,"1,080.23"
"21,456.00","21,503.99",471.77,"1,079.23"
"21,504.00","21,551.99",470.77,"1,078.23"
"21,552.00","21,599.99",469.77,"1,077.23"
"21,600.00","21,647.99",468.77,"1,076.23"
"21,648.00","21,695.99",467.77,"1,075.23"
"21,696.00","21,743.99",466.77,"1,074.23"
"21,744.00","21,791.99",465.77,"1,073.23"
"21,792.00","21,839.99",464.77,"1,072.23"
"21,840.00","21,887.99",463.77,"1,071.23"
"21,888.00","21,935.99",462.77,"1,070.23"
"21,936.00","21,983.99",461.77,"1,069.23"
"21,984.00","22,031.99",460.77,"1,068.23"
"22,032.00","22,079.99",459.77,"1,067.23"
"22,080.00","22,127.99",458.77,"1,066.23"
"22,128.00","22,175.99",457.77,"1,065.23"
"22,176.00","22,223.99",456.77,"1,064.23"
"22,224.00","22,271.99",455.77,"1,063.23"
"22,272.00","22,319.99",454.77,"1,062.23"
"22,320.00","22,367.99",453.77,"1,061.23"
"22,368.00","22,415.99",452.77,"1,060.23"
"22,416.00","22,463.99",451.77,"1,059.23"
"22,464.00","22,511.99",450.77,"1,058.23"
"22,512.00","22,559.99",449.77,"1,057.23"
"22,560.00","22,607.99",448.77,"1,056.23"
"22,608.00","22,655.99",447.77,"1,055.23"
"22,656.00","22,703.99",446.77,"1,054.23"
"22,704.00","22,751.99",445.77,"1,053.23"
"22,752.00","22,799.99",444.77,"1,052.23"
"22,800.00","22,847.99",443.77,"1,051.23"
"22,848.00","22,895.99",442.77,"1,050.23"
"22,896.00","22,943.99",441.77,"1,049.23"
"22,944.00","22,991.99",440.77,"1,048.23"
"22,992.00","23,039.99",439.77,"1,047.23"
"23,040.00","23,087.99",438.77,"1,046.23"
"23,088.00","23,135.99",437.77,"1,045.23"
"23,136.00","23,183.99",436.77,"1,044.23"
"23,184.00","23,231.99",435.77,"1,043.23"
"23,232.00","23,279.99",434.77,"1,042.23"
"23,280.00","23,327.99",433.77,"1,041.23"
"23,328.00","23,375.99",432.77,"1,040.23"
"23,376.00","23,423.99",431.77,"1,039.23"
"23,424.00","23,471.99",430.77,"1,038.23"
"23,472.00","23,519.99",429.77,"1,037.23"
"23,520.00","23,567.99",428.77,"1,036.23"
"23,568.00","23,615.99",427.77,"1,035.23"
"23,616.00","23,663.99",426.77,"1,034.23"
"23,664.00","23,711.99",425.77,"1,033.23"
"23,712.00","23,759.99",424.77,"1,032.23"
"23,760.00","23,807.99",423.77,"1,031.23"
"23,808.00","23,855.99",422.77,"1,030.23"
"23,856.00","23,903.99",421.77,"1,029.23"
"23,904.00","23,951.99",420.77,"1,028.23"
"23,952.00","23,999.99",419.77,"1,027.23"
"24,000.00","24,047.99",418.77,1026.23
"24,048.00","24,095.99",417.77,1025.23
"24,096.00","24,143.99",416.77,1024.23
"24,144.00","24,191.99",415.77,1023.23
"24,192.00","24,239.99",414.77,1022.23
"24,240.00","24,287.99",413.77,1021.23
"24,288.00","24,335.99",412.77,1020.23
"24,336.00","24,383.99",411.77,1019.23
"24,384.00","24,431.99",410.77,1018.23
"24,432.00","24,479.99",409.77,1017.23
"24,480.00","24,527.99",408.77,1016.23
"24,528.00","24,575.99",407.77,1015.23
"24,576.00","24,623.99",406.77,1014.23
"24,624.00","24,671.99",405.77,1013.23
"24,672.00","24,719.99",404.77,1012.23
"24,720.00","24,767.99",403.77,1011.23
"24,768.00","24,815.99",402.77,1010.23
"24,816.00","24,863.99",401.77,1009.23
"24,864.00","24,911.99",400.77,1008.23
"24,912.00","24,959.99",399.77,1007.23
"24,960.00","25,007.99",398.77,1006.23
"25,008.00","25,055.99",397.77,1005.23
"25,056.00","25,103.99",396.77,1004.23
"25,104.00","25,151.99",395.77,1003.23
"25,152.00","25,199.99",394.77,1002.23
"25,200.00","25,247.99",393.77,1001.23
"25,248.00","25,295.99",392.77,1000.23
"25,296.00","25,343.99",391.77,999.23
"25,344.00","25,391.99",390.77,998.23
"25,392.00","25,439.99",389.77,997.23
"25,440.00","25,487.99",388.77,996.23
"25,488.00","25,535.99",387.77,995.23
"25,536.00","25,583.99",386.77,994.23
"25,584.00","25,631.99",385.77,993.23
"25,632.00","25,679.99",384.77,992.23
"25,680.00","25,727.99",383.77,991.23
"25,728.00","25,775.99",382.77,990.23
"25,776.00","25,823.99",381.77,989.23
"25,824.00","25,871.99",380.77,988.23
"25,872.00","25,919.99",379.77,987.23
"25,920.00","25,967.99",378.77,986.23
"25,968.00","26,015.99",377.77,985.23
"26,016.00","26,063.99",376.77,984.23
"26,064.00","26,111.99",375.77,983.23
"26,112.00","26,159.99",374.77,982.23
"26,160.00","26,207.99",373.77,981.23
"26,208.00","26,255.99",372.77,980.23
"26,256.00","26,303.99",371.77,979.23
"26,304.00","26,351.99",370.77,978.23
"26,352.00","26,399.99",369.77,977.23
"26,400.00","26,447.99",368.77,976.23
"26,448.00","26,495.99",367.77,975.23
"26,496.00","26,543.99",366.77,974.23
"26,544.00","26,591.99",365.77,973.23
"26,592.00","26,639.99",364.77,972.23
"26,640.00","26,687.99",363.77,971.23
"26,688.00","26,735.99",362.77,970.23
"26,736.00","26,783.99",361.77,969.23
"26,784.00","26,831.99",360.77,968.23
"26,832.00","26,879.99",359.77,967.23
"26,880.00","26,927.99",358.77,966.23
"26,928.00","26,975.99",357.77,965.23
"26,976.00","27,023.99",356.77,964.23
"27,024.00","27,071.99",355.77,963.23
"27,072.00","27,119.99",354.77,962.23
"27,120.00","27,167.99",353.77,961.23
"27,168.00","27,215.99",352.77,960.23
"27,216.00","27,263.99",351.77,959.23
"27,264.00","27,311.99",350.77,958.23
"27,312.00","27,359.99",349.77,957.23
"27,360.00","27,407.99",348.77,956.23
"27,408.00","27,455.99",347.77,955.23
"27,456.00","27,503.99",346.77,954.23
"27,504.00","27,551.99",345.77,953.23
"27,552.00","27,599.99",344.77,952.23
"27,600.00","27,647.99",343.77,951.23
"27,648.00","27,695.99",342.77,950.23
"27,696.00","27,743.99",341.77,949.23
"27,744.00","27,791.99",340.77,948.23
"27,792.00","27,839.99",339.77,947.23
"27,840.00","27,887.99",338.77,946.23
"27,888.00","27,935.99",337.77,945.23
"27,936.00","27,983.99",336.77,944.23
"27,984.00","28,031.99",335.77,943.23
"28,032.00","28,079.99",334.77,942.23
"28,080.00","28,127.99",333.77,941.23
"28,128.00","28,175.99",332.77,940.23
"28,176.00","28,223.99",331.77,939.23
"28,224.00","28,271.99",330.77,938.23
"28,272.00","28,319.99",329.77,937.23
"28,320.00","28,367.99",328.77,936.23
"28,368.00","28,415.99",327.77,935.23
"28,416.00","28,463.99",326.77,934.23
"28,464.00","28,511.99",325.77,933.23
"28,512.00","28,559.99",324.77,932.23
"28,560.00","28,607.99",323.77,931.23
"28,608.00","28,655.99",322.77,930.23
"28,656.00","28,703.99",321.77,929.23
"28,704.00","28,751.99",320.77,928.23
"28,752.00","28,799.99",319.77,927.23
"28,800.00","28,847.99",318.77,926.23
"28,848.00","28,895.99",317.77,925.23
"28,896.00","28,943.99",316.77,924.23
"28,944.00","28,991.99",315.77,923.23
"28,992.00","29,039.99",314.77,922.23
"29,040.00","29,087.99",313.77,921.23
"29,088.00","29,135.99",312.77,920.23
"29,136.00","29,183.99",311.77,919.23
"29,184.00","29,231.99",310.77,918.23
"29,232.00","29,279.99",309.77,917.23
"29,280.00","29,327.99",308.77,916.23
"29,328.00","29,375.99",307.77,915.23
"29,376.00","29,423.99",306.77,914.23
"29,424.00","29,471.99",305.77,913.23
"29,472.00","29,519.99",304.77,912.23
"29,520.00","29,567.99",303.77,911.23
"29,568.00","29,615.99",302.77,910.23
"29,616.00","29,663.99",301.77,909.23
"29,664.00","29,711.99",300.77,908.23
"29,712.00","29,759.99",299.77,907.23
"29,760.00","29,807.99",298.77,906.23
"29,808.00","29,855.99",297.77,905.23
"29,856.00","29,903.99",296.77,904.23
"29,904.00","29,951.99",295.77,903.23
"29,952.00","29,999.99",294.77,902.23
"30,000.00","30,047.99",293.77,901.23
"30,048.00","30,095.99",292.77,900.23
"30,096.00","30,143.99",291.77,899.23
"30,144.00","30,191.99",290.77,898.23
"30,192.00","30,239.99",289.77,897.23
"30,240.00","30,287.99",288.77,896.23
"30,288.00","30,335.99",287.77,895.23
"30,336.00","30,383.99",286.77,894.23
"30,384.00","30,431.99",285.77,893.23
"30,432.00","30,479.99",284.77,892.23
"30,480.00","30,527.99",283.77,891.23
"30,528.00","30,575.99",282.77,890.23
"30,576.00","30,623.99",281.77,889.23
"30,624.00","30,671.99",280.77,888.23
"30,672.00","30,719.99",279.77,887.23
"30,720.00","30,767.99",278.77,886.23
"30,768.00","30,815.99",277.77,885.23
"30,816.00","30,863.99",276.77,884.23
"30,864.00","30,911.99",275.77,883.23
"30,912.00","30,959.99",274.77,882.23
"30,960.00","31,007.99",273.77,881.23
"31,008.00","31,055.99",272.77,880.23
"31,056.00","31,103.99",271.77,879.23
"31,104.00","31,151.99",270.77,878.23
"31,152.00","31,199.99",269.77,877.23
"31,200.00","31,247.99",268.77,876.23
"31,248.00","31,295.99",267.77,875.23
"31,296.00","31,343.99",266.77,874.23
"31,344.00","31,391.99",265.77,873.23
"31,392.00","31,439.99",264.77,872.23
"31,440.00","31,487.99",263.77,871.23
"31,488.00","31,535.99",262.77,870.23
"31,536.00","31,583.99",261.77,869.23
"31,584.00","31,631.99",260.77,868.23
"31,632.00","31,679.99",259.77,867.23
"31,680.00","31,727.99",258.77,866.23
"31,728.00","31,775.99",257.77,865.23
"31,776.00","31,823.99",256.77,864.23
"31,824.00","31,871.99",255.77,863.23
"31,872.00","31,919.99",254.77,862.23
"31,920.00","31,967.99",253.77,861.23
"31,968.00","32,015.99",252.77,860.23
"32,016.00","32,063.99",251.77,859.23
"32,064.00","32,111.99",250.77,858.23
"32,112.00","32,159.99",249.77,857.23
"32,160.00","32,207.99",248.77,856.23
"32,208.00","32,255.99",247.77,855.23
"32,256.00","32,303.99",246.77,854.23
"32,304.00","32,351.99",245.77,853.23
"32,352.00","32,399.99",244.77,852.23
"32,400.00","32,447.99",243.77,851.23
"32,448.00","32,495.99",242.77,850.23
"32,496.00","32,543.99",241.77,849.23
"32,544.00","32,591.99",240.77,848.23
"32,592.00","32,639.99",239.77,847.23
"32,640.00","32,687.99",238.77,846.23
"32,688.00","32,735.99",237.77,845.23
"32,736.00","32,783.99",236.77,844.23
"32,784.00","32,831.99",235.77,843.23
"32,832.00","32,879.99",234.77,842.23
"32,880.00","32,927.99",233.77,841.23
"32,928.00","32,975.99",232.77,840.23
"32,976.00","33,023.99",231.77,839.23
"33,024.00","33,071.99",230.77,838.23
"33,072.00","33,119.99",229.77,837.23
"33,120.00","33,167.99",228.77,836.23
"33,168.00","33,215.99",227.77,835.23
"33,216.00","33,263.99",226.77,834.23
"33,264.00","33,311.99",225.77,833.23
"33,312.00","33,359.99",224.77,832.23
"33,360.00","33,407.99",223.77,831.23
"33,408.00","33,455.99",222.77,830.23
"33,456.00","33,503.99",221.77,829.23
"33,504.00","33,551.99",220.77,828.23
"33,552.00","33,599.99",219.77,827.23
"33,600.00","33,647.99",218.77,826.23
"33,648.00","33,695.99",217.77,825.23
"33,696.00","33,743.99",216.77,824.23
"33,744.00","33,791.99",215.77,823.23
"33,792.00","33,839.99",214.77,822.23
"33,840.00","33,887.99",213.77,821.23
"33,888.00","33,935.99",212.77,820.23
"33,936.00","33,983.99",211.77,819.23
"33,984.00","34,031.99",210.77,818.23
"34,032.00","34,079.99",209.77,817.23
"34,080.00","34,127.99",208.77,816.23
"34,128.00","34,175.99",207.77,815.23
"34,176.00","34,223.99",206.77,814.23
"34,224.00","34,271.99",205.77,813.23
"34,272.00","34,319.99",204.77,812.23
"34,320.00","34,367.99",203.77,811.23
"34,368.00","34,415.99",202.77,810.23
"34,416.00","34,463.99",201.77,809.23
"34,464.00","34,511.99",200.77,808.23
"34,512.00","34,559.99",199.77,807.23
"34,560.00","34,607.99",198.77,806.23
"34,608.00","34,655.99",197.77,805.23
"34,656.00","34,703.99",196.77,804.23
"34,704.00","34,751.99",195.77,803.23
"34,752.00","34,799.99",194.77,802.23
"34,800.00","34,847.99",193.77,801.23
"34,848.00","34,895.99",192.77,800.23
"34,896.00","34,943.99",191.77,799.23
"34,944.00","34,991.99",190.77,798.23
"34,992.00","35,039.99",189.77,797.23
"35,040.00","35,087.99",188.77,796.23
"35,088.00","35,135.99",187.77,795.23
"35,136.00","35,183.99",186.77,794.23
"35,184.00","35,231.99",185.77,793.23
"35,232.00","35,279.99",184.77,792.23
"35,280.00","35,327.99",183.77,791.23
"35,328.00","35,375.99",182.77,790.23
"35,376.00","35,423.99",181.77,789.23
"35,424.00","35,471.99",180.77,788.23
"35,472.00","35,519.99",179.77,787.23
"35,520.00","35,567.99",178.77,786.23
"35,568.00","35,615.99",177.77,785.23
"35,616.00","35,663.99",176.77,784.23
"35,664.00","35,711.99",175.77,783.23
"35,712.00","35,759.99",174.77,782.23
"35,760.00","35,807.99",173.77,781.23
"35,808.00","35,855.99",172.77,780.23
"35,856.00","35,903.99",171.77,779.23
"35,904.00","35,951.99",170.77,778.23
"35,952.00","35,999.99",169.77,777.23
"36,000.00","36,047.99",168.77,776.23
"36,048.00","36,095.99",167.77,775.23
"36,096.00","36,143.99",166.77,774.23
"36,144.00","36,191.99",165.77,773.23
"36,192.00","36,239.99",164.77,772.23
"36,240.00","36,287.99",163.77,771.23
"36,288.00","36,335.99",162.77,770.23
"36,336.00","36,383.99",161.77,769.23
"36,384.00","36,431.99",160.77,768.23
"36,432.00","36,479.99",159.77,767.23
"36,480.00","36,527.99",158.77,766.23
"36,528.00","36,575.99",157.77,765.23
"36,576.00","36,623.99",156.77,764.23
"36,624.00","36,671.99",155.77,763.23
"36,672.00","36,719.99",154.77,762.23
"36,720.00","36,767.99",153.77,761.23
"36,768.00","36,815.99",152.77,760.23
"36,816.00","36,863.99",151.77,759.23
"36,864.00","36,911.99",150.77,758.23
"36,912.00","36,959.99",149.77,757.23
"36,960.00","37,007.99",148.77,756.23
"37,008.00","37,055.99",147.77,755.23
"37,056.00","37,103.99",146.77,754.23
"37,104.00","37,151.99",145.77,753.23
"37,152.00","37,199.99",144.77,752.23
"37,200.00","37,247.99",143.77,751.23
"37,248.00","37,295.99",142.77,750.23
"37,296.00","37,343.99",141.77,749.23
"37,344.00","37,391.99",140.77,748.23
"37,392.00","37,439.99",139.77,747.23
"37,440.00","37,487.99",138.77,746.23
"37,488.00","37,535.99",137.77,745.23
"37,536.00","37,583.99",136.77,744.23
"37,584.00","37,631.99",135.77,743.23
"37,632.00","37,679.99",134.77,742.23
"37,680.00","37,727.99",133.77,741.23
"37,728.00","37,775.99",132.77,740.23
"37,776.00","37,823.99",131.77,739.23
"37,824.00","37,871.99",130.77,738.23
"37,872.00","37,919.99",129.77,737.23
"37,920.00","37,967.99",128.77,736.23
"37,968.00","38,015.99",127.77,735.23
"38,016.00","38,063.99",126.77,734.23
"38,064.00","38,111.99",125.77,733.23
"38,112.00","38,159.99",124.77,732.23
"38,160.00","38,207.99",123.77,731.23
"38,208.00","38,255.99",122.77,730.23
"38,256.00","38,303.99",121.77,729.23
"38,304.00","38,351.99",120.77,728.23
"38,352.00","38,399.99",119.77,727.23
"38,400.00","38,447.99",118.77,726.23
"38,448.00","38,495.99",117.77,725.23
"38,496.00","38,543.99",116.77,724.23
"38,544.00","38,591.99",115.77,723.23
"38,592.00","38,639.99",114.77,722.23
"38,640.00","38,687.99",113.77,721.23
"38,688.00","38,735.99",112.77,720.23
"38,736.00","38,783.99",111.77,719.23
"38,784.00","38,831.99",110.77,718.23
"38,832.00","38,879.99",109.77,717.23
"38,880.00","38,927.99",108.77,716.23
"38,928.00","38,975.99",107.77,715.23
"38,976.00","39,023.99",106.77,714.23
"39,024.00","39,071.99",105.77,713.23
"39,072.00","39,119.99",104.77,712.23
"39,120.00","39,167.99",103.77,711.23
"39,168.00","39,215.99",102.77,710.23
"39,216.00","39,263.99",101.77,709.23
"39,264.00","39,311.99",100.77,708.23
"39,312.00","39,359.99",99.77,707.23
"39,360.00","39,407.99",98.77,706.23
"39,408.00","39,455.99",97.77,705.23
"39,456.00","39,503.99",96.77,704.23
"39,504.00","39,551.99",95.77,703.23
"39,552.00","39,599.99",94.77,702.23
"39,600.00","39,647.99",93.77,701.23
"39,648.00","39,695.99",92.77,700.23
"39,696.00","39,743.99",91.77,699.23
"39,744.00","39,791.99",90.77,698.23
"39,792.00","39,839.99",89.77,697.23
"39,840.00","39,887.99",88.77,696.23
"39,888.00","39,935.99",87.77,695.23
"39,936.00","39,983.99",86.77,694.23
"39,984.00","40,031.99",85.77,693.23
"40,032.00","40,079.99",84.77,692.23
"40,080.00","40,127.99",83.77,691.23
"40,128.00","40,175.99",82.77,690.23
"40,176.00","40,223.99",81.77,689.23
"40,224.00","40,271.99",80.77,688.23
"40,272.00","40,319.99",79.77,687.23
"40,320.00","40,367.99",78.77,686.23
"40,368.00","40,415.99",77.77,685.23
"40,416.00","40,463.99",76.77,684.23
"40,464.00","40,511.99",75.77,683.23
"40,512.00","40,559.99",74.77,682.23
"40,560.00","40,607.99",73.77,681.23
"40,608.00","40,655.99",72.77,680.23
"40,656.00","40,703.99",71.77,679.23
"40,704.00","40,751.99",70.77,678.23
"40,752.00","40,799.99",69.77,677.23
"40,800.00","40,847.99",68.77,676.23
"40,848.00","40,895.99",67.77,675.23
"40,896.00","40,943.99",66.77,674.23
"40,944.00","40,991.99",65.77,673.23
"40,992.00","41,039.99",64.77,672.23
"41,040.00","41,087.99",63.77,671.23
"41,088.00","41,135.99",62.77,670.23
"41,136.00","41,183.99",61.77,669.23
"41,184.00","41,231.99",60.77,668.23
"41,232.00","41,279.99",59.77,667.23
"41,280.00","41,327.99",58.77,666.23
"41,328.00","41,375.99",57.77,665.23
"41,376.00","41,423.99",56.77,664.23
"41,424.00","41,471.99",55.77,663.23
"41,472.00","41,519.99",54.77,662.23
"41,520.00","41,567.99",53.77,661.23
"41,568.00","41,615.99",52.77,660.23
"41,616.00","41,663.99",51.77,659.23
"41,664.00","41,711.99",50.77,658.23
"41,712.00","41,759.99",49.77,657.23
"41,760.00","41,807.99",48.77,656.23
"41,808.00","41,855.99",47.77,655.23
"41,856.00","41,903.99",46.77,654.23
"41,904.00","41,951.99",45.77,653.23
"41,952.00","41,999.99",44.77,652.23
"42,000.00","42,047.99",43.77,651.23
"42,048.00","42,095.99",42.77,650.23
"42,096.00","42,143.99",41.77,649.23
"42,144.00","42,191.99",40.77,648.23
"42,192.00","42,239.99",39.77,647.23
"42,240.00","42,287.99",38.77,646.23
"42,288.00","42,335.99",37.77,645.23
"42,336.00","42,383.99",36.77,644.23
"42,384.00","42,431.99",35.77,643.23
"42,432.00","42,479.99",34.77,642.23
"42,480.00","42,527.99",33.77,641.23
"42,528.00","42,575.99",32.77,640.23
"42,576.00","42,623.99",31.77,639.23
"42,624.00","42,671.99",30.77,638.23
"42,672.00","42,719.99",29.77,637.23
"42,720.00","42,767.99",28.77,636.23
"42,768.00","42,815.99",27.77,635.23
"42,816.00","42,863.99",26.77,634.23
"42,864.00","42,911.99",25.77,633.23
"42,912.00","42,959.99",24.77,632.23
"42,960.00","43,007.99",23.77,631.23
"43,008.00","43,055.99",22.77,630.23
"43,056.00","43,103.99",21.77,629.23
"43,104.00","43,151.99",20.77,628.23
"43,152.00","43,199.99",19.77,627.23
"43,200.00","43,247.99",18.77,626.23
"43,248.00","43,295.99",17.77,625.23
"43,296.00","43,343.99",16.77,624.23
"43,344.00","43,391.99",15.77,623.23
"43,392.00","43,439.99",14.77,622.23
"43,440.00","43,487.99",13.77,621.23
"43,488.00","43,535.99",12.77,620.23
"43,536.00","43,583.99",11.77,619.23
"43,584.00","43,631.99",10.77,618.23
"43,632.00","43,679.99",9.77,617.23
"43,680.00","43,727.99",8.77,616.23
"43,728.00","43,775.99",7.77,615.23
"43,776.00","43,823.99",6.77,614.23
"43,824.00","43,871.99",5.77,613.23
"43,872.00","43,919.99",4.77,612.23
"43,920.00","43,967.99",3.77,611.23
"43,968.00","44,015.99",2.77,610.23
"44,016.00","44,063.99",1.77,609.23
"44,064.00","44,111.99",0.77,608.23
